PassengerId,Survived,Pclass,Age,SibSp,Parch,Fare,Sex_male,Embarked_Q,Embarked_S,Deck_B,Deck_C,Deck_D,Deck_E,Deck_F,Deck_G,Deck_T,Deck_U
1,0,0.6852080657475538,-0.608518043858027,0.6859041742904549,-0.4101032341546626,-0.7481278144442531,1,0,1,0,0,0,0,0,0,0,1
3,1,0.6852080657475538,-0.20911748889977727,-0.4859842372342323,-0.4101032341546626,-0.6983256478205332,0,0,1,0,0,0,0,0,0,0,1
4,1,-2.1059502133710137,0.6895337597562847,0.6859041742904549,-0.4101032341546626,2.6347304665891658,0,0,1,0,1,0,0,0,0,0,0
5,0,0.6852080657475538,0.6895337597562847,-0.4859842372342323,-0.4101032341546626,-0.6891030243716961,1,0,1,0,0,0,0,0,0,0,1
6,0,0.6852080657475538,-0.009417211420652386,-0.4859842372342323,-0.4101032341546626,-0.658978247138415,1,1,0,0,0,0,0,0,0,0,1
7,0,-2.1059502133710137,2.586686395807971,-0.4859842372342323,-0.4101032341546626,2.543426494445679,1,0,1,0,0,0,1,0,0,0,0
9,1,0.6852080657475538,-0.10926735016021483,-0.4859842372342323,2.1279605583389998,-0.46161410533330277,0,0,1,0,0,0,0,0,0,0,1
10,1,-0.71037107381173,-1.4073191537745264,0.6859041742904549,-0.4101032341546626,0.9356133471655056,0,0,0,0,0,0,0,0,0,0,1
11,1,0.6852080657475538,-2.4058205411701508,0.6859041742904549,0.8589286620921687,-0.05089748171217453,0,0,1,0,0,0,0,0,1,0,0
13,0,0.6852080657475538,-0.8082183213371519,-0.4859842372342323,-0.4101032341546626,-0.6891030243716961,1,0,1,0,0,0,0,0,0,0,1
14,0,0.6852080657475538,1.0889343147145345,0.6859041742904549,5.935056247079493,1.0244604124222219,1,0,1,0,0,0,0,0,0,0,1
15,0,0.6852080657475538,-1.4073191537745264,-0.4859842372342323,-0.4101032341546626,-0.7035493417419546,0,0,1,0,0,0,0,0,0,0,1
18,1,-0.71037107381173,-0.009417211420652386,-0.4859842372342323,-0.4101032341546626,-0.32388713579775025,1,0,1,0,0,0,0,0,0,0,1
19,0,0.6852080657475538,0.29013320479803495,0.6859041742904549,-0.4101032341546626,0.04501780215573053,0,0,1,0,0,0,0,0,0,0,1
20,1,0.6852080657475538,-0.009417211420652386,-0.4859842372342323,-0.4101032341546626,-0.7499723391340206,0,0,0,0,0,0,0,0,0,0,1
21,0,-0.71037107381173,0.6895337597562847,-0.4859842372342323,-0.4101032341546626,0.6352657028812998,1,0,1,0,0,0,0,0,0,0,1
22,1,-0.71037107381173,0.5896836210167222,-0.4859842372342323,-0.4101032341546626,-0.32388713579775025,1,0,1,0,0,1,0,0,0,0,0
23,1,0.6852080657475538,-1.3074690150349642,-0.4859842372342323,-0.4101032341546626,-0.6906376689135827,0,1,0,0,0,0,0,0,0,0,1
24,1,-2.1059502133710137,-0.009417211420652386,-0.4859842372342323,-0.4101032341546626,1.3361850849929133,1,0,1,0,0,0,0,0,0,0,0
25,0,0.6852080657475538,-2.006419986211901,3.0296809973398298,0.8589286620921687,0.2718943389971212,0,0,1,0,0,0,0,0,0,0,1
26,1,0.6852080657475538,0.989084175974972,0.6859041742904549,5.935056247079493,1.0327607735261752,0,0,1,0,0,0,0,0,0,0,1
27,0,0.6852080657475538,-0.009417211420652386,-0.4859842372342323,-0.4101032341546626,-0.7499723391340206,1,0,0,0,0,0,0,0,0,0,1
29,1,0.6852080657475538,-0.009417211420652386,-0.4859842372342323,-0.4101032341546626,-0.701704817052187,0,1,0,0,0,0,0,0,0,0,1
30,0,0.6852080657475538,-0.009417211420652386,-0.4859842372342323,-0.4101032341546626,-0.7004800526581815,1,0,1,0,0,0,0,0,0,0,1
31,0,-2.1059502133710137,1.1887844534540968,-0.4859842372342323,-0.4101032341546626,0.7622280263273697,1,0,0,0,0,0,0,0,0,0,1
33,1,0.6852080657475538,-0.009417211420652386,-0.4859842372342323,-0.4101032341546626,-0.7112373206489051,0,1,0,0,0,0,0,0,0,0,1
36,0,-2.1059502133710137,1.3884847309332218,0.6859041742904549,-0.4101032341546626,2.5535713802394,1,0,1,0,0,0,0,0,0,0,1
37,1,0.6852080657475538,-0.009417211420652386,-0.4859842372342323,-0.4101032341546626,-0.7496624589861397,1,0,0,0,0,0,0,0,0,0,1
38,0,0.6852080657475538,-0.7083681825975895,-0.4859842372342323,-0.4101032341546626,-0.6891030243716961,1,0,1,0,0,0,0,0,0,0,1
39,0,0.6852080657475538,-1.0079185988162767,1.8577925858151423,-0.4101032341546626,0.04501780215573053,0,0,1,0,0,0,0,0,0,0,1
40,1,0.6852080657475538,-1.4073191537745264,0.6859041742904549,-0.4101032341546626,-0.4536162462784713,0,0,0,0,0,0,0,0,0,0,1
41,0,0.6852080657475538,1.1887844534540968,0.6859041742904549,-0.4101032341546626,-0.5839651170549542,0,0,1,0,0,0,0,0,0,0,1
42,0,-0.71037107381173,-0.10926735016021483,0.6859041742904549,-0.4101032341546626,0.266360764927819,0,0,1,0,0,0,0,0,0,0,1
43,0,0.6852080657475538,-0.009417211420652386,-0.4859842372342323,-0.4101032341546626,-0.7004800526581815,1,0,0,0,0,0,0,0,0,0,1
44,1,-0.71037107381173,-2.5056706799097133,0.6859041742904549,2.1279605583389998,1.7847144647542734,0,0,0,0,0,0,0,0,0,0,1
45,1,0.6852080657475538,-0.9080684600767143,-0.4859842372342323,-0.4101032341546626,-0.701704817052187,0,1,0,0,0,0,0,0,0,0,1
46,0,0.6852080657475538,-0.009417211420652386,-0.4859842372342323,-0.4101032341546626,-0.6891030243716961,1,0,1,0,0,0,0,0,0,0,1
47,0,0.6852080657475538,-0.009417211420652386,0.6859041742904549,-0.4101032341546626,-0.13943466682100986,1,1,0,0,0,0,0,0,0,0,1
48,1,0.6852080657475538,-0.009417211420652386,-0.4859842372342323,-0.4101032341546626,-0.7112373206489051,0,1,0,0,0,0,0,0,0,0,1
49,0,0.6852080657475538,-0.009417211420652386,1.8577925858151423,-0.4101032341546626,0.31647281169941993,1,0,0,0,0,0,0,0,0,0,1
50,0,0.6852080657475538,-1.0079185988162767,0.6859041742904549,-0.4101032341546626,0.03026160463759135,0,0,1,0,0,0,0,0,0,0,1
51,0,0.6852080657475538,-2.1062701249514637,4.2015694088645175,0.8589286620921687,1.6451429705289533,1,0,1,0,0,0,0,0,0,0,1
52,0,0.6852080657475538,-0.7083681825975895,-0.4859842372342323,-0.4101032341546626,-0.7075482712693703,1,0,1,0,0,0,0,0,0,0,1
54,1,-0.71037107381173,0.09043292731891005,0.6859041742904549,-0.4101032341546626,0.6352657028812998,0,0,1,0,0,0,0,0,0,0,1
56,1,-2.1059502133710137,-0.009417211420652386,-0.4859842372342323,-0.4101032341546626,1.3361850849929133,1,0,1,0,1,0,0,0,0,0,0
57,1,-0.71037107381173,-0.7083681825975895,-0.4859842372342323,-0.4101032341546626,-0.5083396047744906,0,0,1,0,0,0,0,0,0,0,1
58,0,0.6852080657475538,0.04050785794912883,-0.4859842372342323,-0.4101032341546626,-0.7496624589861397,1,0,0,0,0,0,0,0,0,0,1
59,1,-0.71037107381173,-2.3059704024305883,0.6859041742904549,2.1279605583389998,0.764382431165018,0,0,1,0,0,0,0,0,0,0,1
60,0,0.6852080657475538,-1.7068695699932137,5.373457820389204,2.1279605583389998,2.1772883435268495,1,0,1,0,0,0,0,0,0,0,1
61,0,0.6852080657475538,-0.608518043858027,-0.4859842372342323,-0.4101032341546626,-0.7496624589861397,1,0,0,0,0,0,0,0,0,0,1
64,0,0.6852080657475538,-2.4058205411701508,3.0296809973398298,2.1279605583389998,0.7754495793036223,1,0,1,0,0,0,0,0,0,0,1
65,0,-2.1059502133710137,-0.009417211420652386,-0.4859842372342323,-0.4101032341546626,0.7622280263273697,1,0,0,0,0,0,0,0,0,0,1
66,1,0.6852080657475538,-0.009417211420652386,0.6859041742904549,0.8589286620921687,-0.1581897938665649,1,0,0,0,0,0,0,0,0,0,1
67,1,-0.71037107381173,0.09043292731891005,-0.4859842372342323,-0.4101032341546626,-0.5083396047744906,0,0,1,0,0,0,0,1,0,0,0
68,0,0.6852080657475538,-0.9080684600767143,-0.4859842372342323,-0.4101032341546626,-0.6811125434156238,1,0,1,0,0,0,0,0,0,0,1
69,1,0.6852080657475538,-1.1077687375558392,4.2015694088645175,2.1279605583389998,-0.6983256478205332,0,0,1,0,0,0,0,0,0,0,1
70,0,0.6852080657475538,-0.20911748889977727,1.8577925858151423,-0.4101032341546626,-0.6439121694723948,1,0,1,0,0,0,0,0,0,0,1
71,0,-0.71037107381173,0.38998334353759734,-0.4859842372342323,-0.4101032341546626,-0.5083396047744906,1,0,1,0,0,0,0,0,0,0,1
72,0,0.6852080657475538,-1.2076188762954017,5.373457820389204,2.1279605583389998,2.1772883435268495,0,0,1,0,0,0,0,0,0,0,1
74,0,0.6852080657475538,-0.20911748889977727,0.6859041742904549,-0.4101032341546626,-0.21659482364335989,1,0,0,0,0,0,0,0,0,0,1
75,1,0.6852080657475538,0.38998334353759734,-0.4859842372342323,-0.4101032341546626,2.885275944249652,1,0,1,0,0,0,0,0,0,0,1
76,0,0.6852080657475538,-0.3089676276393397,-0.4859842372342323,-0.4101032341546626,-0.7186154194079747,1,0,1,0,0,0,0,1,0,0,0
77,0,0.6852080657475538,-0.009417211420652386,-0.4859842372342323,-0.4101032341546626,-0.7004800526581815,1,0,1,0,0,0,0,0,0,0,1
78,0,0.6852080657475538,-0.009417211420652386,-0.4859842372342323,-0.4101032341546626,-0.6891030243716961,1,0,1,0,0,0,0,0,0,0,1
80,1,0.6852080657475538,0.19028306605847248,-0.4859842372342323,-0.4101032341546626,-0.36262215428286576,0,0,1,0,0,0,0,0,0,0,1
81,0,0.6852080657475538,-0.608518043858027,-0.4859842372342323,-0.4101032341546626,-0.6190110861605349,1,0,1,0,0,0,0,0,0,0,1
82,1,0.6852080657475538,0.09043292731891005,-0.4859842372342323,-0.4101032341546626,-0.5821205923651868,1,0,1,0,0,0,0,0,0,0,1
83,1,0.6852080657475538,-0.009417211420652386,-0.4859842372342323,-0.4101032341546626,-0.7084705336142539,0,1,0,0,0,0,0,0,0,0,1
84,0,-2.1059502133710137,-0.009417211420652386,-0.4859842372342323,-0.4101032341546626,2.192044541044989,1,0,1,0,0,0,0,0,0,0,1
85,1,-0.71037107381173,-1.1077687375558392,-0.4859842372342323,-0.4101032341546626,-0.5083396047744906,0,0,1,0,0,0,0,0,0,0,1
86,1,0.6852080657475538,0.4898334822771598,3.0296809973398298,-0.4101032341546626,-0.11361132116426623,0,0,1,0,0,0,0,0,0,0,1
87,0,0.6852080657475538,-1.2076188762954017,0.6859041742904549,3.3969924545858317,1.25318147395338,1,0,1,0,0,0,0,0,0,0,1
88,0,0.6852080657475538,-0.009417211420652386,-0.4859842372342323,-0.4101032341546626,-0.6891030243716961,1,0,1,0,0,0,0,0,0,0,1
90,0,0.6852080657475538,-0.40881776637890216,-0.4859842372342323,-0.4101032341546626,-0.6891030243716961,1,0,1,0,0,0,0,0,0,0,1
91,0,0.6852080657475538,0.09043292731891005,-0.4859842372342323,-0.4101032341546626,-0.6891030243716961,1,0,1,0,0,0,0,0,0,0,1
92,0,0.6852080657475538,-0.8082183213371519,-0.4859842372342323,-0.4101032341546626,-0.7035493417419546,1,0,1,0,0,0,0,0,0,0,1
93,0,-2.1059502133710137,1.7878852858914716,0.6859041742904549,-0.4101032341546626,3.230511941384037,1,0,1,0,0,0,1,0,0,0,0
94,0,0.6852080657475538,-0.20911748889977727,0.6859041742904549,2.1279605583389998,0.23500384520177306,1,0,1,0,0,0,0,0,0,0,1
96,0,0.6852080657475538,-0.009417211420652386,-0.4859842372342323,-0.4101032341546626,-0.6891030243716961,1,0,1,0,0,0,0,0,0,0,1
98,1,-2.1059502133710137,-0.5086679051184646,-0.4859842372342323,0.8589286620921687,3.391597971590804,1,0,0,0,0,1,0,0,0,0,0
99,1,-0.71037107381173,0.5896836210167222,-0.4859842372342323,0.8589286620921687,0.4139227401092113,0,0,1,0,0,0,0,0,0,0,1
100,0,-0.71037107381173,0.5896836210167222,0.6859041742904549,-0.4101032341546626,0.6352657028812998,1,0,1,0,0,0,0,0,0,0,1
101,0,0.6852080657475538,-0.009417211420652386,-0.4859842372342323,-0.4101032341546626,-0.7004800526581815,0,0,1,0,0,0,0,0,0,0,1
102,0,0.6852080657475538,-0.009417211420652386,-0.4859842372342323,-0.4101032341546626,-0.7004800526581815,1,0,1,0,0,0,0,0,0,0,1
104,0,0.6852080657475538,0.4898334822771598,-0.4859842372342323,-0.4101032341546626,-0.6445245516693976,1,0,1,0,0,0,0,0,0,0,1
105,0,0.6852080657475538,0.8892340372354095,1.8577925858151423,-0.4101032341546626,-0.6983256478205332,1,0,1,0,0,0,0,0,0,0,1
106,0,0.6852080657475538,-0.009417211420652386,-0.4859842372342323,-0.4101032341546626,-0.7004800526581815,1,0,1,0,0,0,0,0,0,0,1
107,1,0.6852080657475538,-0.7083681825975895,-0.4859842372342323,-0.4101032341546626,-0.7186154194079747,0,0,1,0,0,0,0,0,0,0,1
108,1,0.6852080657475538,-0.009417211420652386,-0.4859842372342323,-0.4101032341546626,-0.7093927959591376,1,0,1,0,0,0,0,0,0,0,1
109,0,0.6852080657475538,0.989084175974972,-0.4859842372342323,-0.4101032341546626,-0.7004800526581815,1,0,1,0,0,0,0,0,0,0,1
110,1,0.6852080657475538,-0.009417211420652386,0.6859041742904549,-0.4101032341546626,0.49877087583851176,0,1,0,0,0,0,0,0,0,0,1
111,0,-2.1059502133710137,1.8877354246310338,-0.4859842372342323,-0.4101032341546626,2.5535713802394,1,0,1,0,1,0,0,0,0,0,0
112,0,0.6852080657475538,-1.3573940844047452,0.6859041742904549,-0.4101032341546626,-0.21659482364335989,0,0,0,0,0,0,0,0,0,0,1
113,0,0.6852080657475538,-0.608518043858027,-0.4859842372342323,-0.4101032341546626,-0.6891030243716961,1,0,1,0,0,0,0,0,0,0,1
114,0,0.6852080657475538,-0.8082183213371519,0.6859041742904549,-0.4101032341546626,-0.5581417713982106,0,0,1,0,0,0,0,0,0,0,1
115,0,0.6852080657475538,-1.1077687375558392,-0.4859842372342323,-0.4101032341546626,-0.21629232159423809,0,0,0,0,0,0,0,0,0,0,1
116,0,0.6852080657475538,-0.7083681825975895,-0.4859842372342323,-0.4101032341546626,-0.6983256478205332,1,0,1,0,0,0,0,0,0,0,1
118,0,-0.71037107381173,0.09043292731891005,0.6859041742904549,-0.4101032341546626,0.266360764927819,1,0,1,0,0,0,0,0,0,0,1
122,0,0.6852080657475538,-0.009417211420652386,-0.4859842372342323,-0.4101032341546626,-0.6891030243716961,1,0,1,0,0,0,0,0,0,0,1
123,0,-0.71037107381173,0.4399084129073786,0.6859041742904549,-0.4101032341546626,0.9356133471655056,1,0,0,0,0,0,0,0,0,0,1
124,1,-0.71037107381173,0.4399084129073786,-0.4859842372342323,-0.4101032341546626,-0.32388713579775025,0,0,1,0,0,0,1,0,0,0,0
126,1,0.6852080657475538,-1.6070194312536514,0.6859041742904549,-0.4101032341546626,-0.4536162462784713,1,0,0,0,0,0,0,0,0,0,1
127,0,0.6852080657475538,-0.009417211420652386,-0.4859842372342323,-0.4101032341546626,-0.7112373206489051,1,1,0,0,0,0,0,0,0,0,1
128,1,0.6852080657475538,-0.40881776637890216,-0.4859842372342323,-0.4101032341546626,-0.7561182954003255,1,0,1,0,0,0,0,0,0,0,1
129,1,0.6852080657475538,-0.009417211420652386,0.6859041742904549,0.8589286620921687,0.36657748037226157,0,0,0,0,0,0,0,1,0,0,0
130,0,0.6852080657475538,1.688035147151909,-0.4859842372342323,-0.4101032341546626,-0.7684175860316946,1,0,1,0,0,0,0,0,0,0,1
131,0,0.6852080657475538,0.4898334822771598,-0.4859842372342323,-0.4101032341546626,-0.7004800526581815,1,0,0,0,0,0,0,0,0,0,1
132,0,0.6852080657475538,-0.8082183213371519,-0.4859842372342323,-0.4101032341546626,-0.7628840119623923,1,0,1,0,0,0,0,0,0,0,1
133,0,0.6852080657475538,1.8877354246310338,0.6859041742904549,-0.4101032341546626,-0.213215654411706,0,0,1,0,0,0,0,0,0,0,1
134,1,-0.71037107381173,0.09043292731891005,0.6859041742904549,-0.4101032341546626,0.6352657028812998,0,0,1,0,0,0,0,0,0,0,1
135,0,-0.71037107381173,-0.3089676276393397,-0.4859842372342323,-0.4101032341546626,-0.32388713579775025,1,0,1,0,0,0,0,0,0,0,1
136,0,-0.71037107381173,-0.5086679051184646,-0.4859842372342323,-0.4101032341546626,-0.17294599138470407,1,0,0,0,0,0,0,0,0,0,1
137,1,-2.1059502133710137,-0.9080684600767143,-0.4859842372342323,2.1279605583389998,0.6561678566657441,0,0,1,0,0,1,0,0,0,0,0
138,0,-2.1059502133710137,0.8892340372354095,0.6859041742904549,-0.4101032341546626,2.6347304665891658,1,0,1,0,1,0,0,0,0,0,0
139,0,0.6852080657475538,-1.2076188762954017,-0.4859842372342323,-0.4101032341546626,-0.603022746149631,1,0,1,0,0,0,0,0,0,0,1
141,0,0.6852080657475538,-0.009417211420652386,-0.4859842372342323,2.1279605583389998,-0.1581897938665649,0,0,0,0,0,0,0,0,0,0,1
142,1,0.6852080657475538,-0.608518043858027,-0.4859842372342323,-0.4101032341546626,-0.7112373206489051,0,0,1,0,0,0,0,0,0,0,1
143,1,0.6852080657475538,-0.40881776637890216,0.6859041742904549,-0.4101032341546626,-0.11361132116426623,0,0,1,0,0,0,0,0,0,0,1
144,0,0.6852080657475538,-0.9080684600767143,-0.4859842372342323,-0.4101032341546626,-0.7850183082396012,1,1,0,0,0,0,0,0,0,0,1
145,0,-0.71037107381173,-1.0079185988162767,-0.4859842372342323,-0.4101032341546626,-0.43455861718379446,1,0,1,0,0,0,0,0,0,0,1
146,0,-0.71037107381173,-0.9080684600767143,0.6859041742904549,0.8589286620921687,1.4284113194812835,1,0,1,0,0,0,0,0,0,0,1
147,1,0.6852080657475538,-0.10926735016021483,-0.4859842372342323,-0.4101032341546626,-0.7078581514172512,1,0,1,0,0,0,0,0,0,0,1
148,0,0.6852080657475538,-1.9065698474723387,1.8577925858151423,2.1279605583389998,1.25318147395338,0,0,1,0,0,0,0,0,0,0,1
149,0,-0.71037107381173,0.8393089678656284,-0.4859842372342323,2.1279605583389998,0.6352657028812998,1,0,1,0,0,0,0,1,0,0,0
150,0,-0.71037107381173,1.3884847309332218,-0.4859842372342323,-0.4101032341546626,-0.32388713579775025,1,0,1,0,0,0,0,0,0,0,1
151,0,-0.71037107381173,2.2871359795892836,-0.4859842372342323,-0.4101032341546626,-0.3589331049033309,1,0,1,0,0,0,0,0,0,0,1
154,0,0.6852080657475538,1.238709522823878,-0.4859842372342323,2.1279605583389998,-0.213215654411706,1,0,1,0,0,0,0,0,0,0,1
155,0,0.6852080657475538,-0.009417211420652386,-0.4859842372342323,-0.4101032341546626,-0.7435165027198346,1,0,1,0,0,0,0,0,0,0,1
156,0,-2.1059502133710137,2.2871359795892836,-0.4859842372342323,0.8589286620921687,3.245578019050057,1,0,0,0,0,0,0,0,0,0,1
157,1,0.6852080657475538,-1.2076188762954017,-0.4859842372342323,-0.4101032341546626,-0.7124694631416697,0,1,0,0,0,0,0,0,0,0,1
158,0,0.6852080657475538,0.19028306605847248,-0.4859842372342323,-0.4101032341546626,-0.6891030243716961,1,0,1,0,0,0,0,0,0,0,1
159,0,0.6852080657475538,-0.009417211420652386,-0.4859842372342323,-0.4101032341546626,-0.6439121694723948,1,0,1,0,0,0,0,0,0,0,1
161,0,0.6852080657475538,1.5881850084123466,-0.4859842372342323,0.8589286620921687,-0.09516607426659206,1,0,1,0,0,0,0,0,0,0,1
162,1,-0.71037107381173,1.1887844534540968,-0.4859842372342323,-0.4101032341546626,-0.12098941992333583,0,0,1,0,0,0,0,0,0,0,1
163,0,0.6852080657475538,-0.20911748889977727,-0.4859842372342323,-0.4101032341546626,-0.7093927959591376,1,0,1,0,0,0,0,0,0,0,1
164,0,0.6852080657475538,-1.1077687375558392,-0.4859842372342323,-0.4101032341546626,-0.6439121694723948,1,0,1,0,0,0,0,0,0,0,1
166,1,0.6852080657475538,-1.9065698474723387,-0.4859842372342323,2.1279605583389998,0.2313147958222382,1,0,1,0,0,0,0,0,0,0,1
167,1,-2.1059502133710137,-0.009417211420652386,-0.4859842372342323,0.8589286620921687,2.7749143430114884,0,0,1,0,0,0,1,0,0,0,0
168,0,0.6852080657475538,1.688035147151909,0.6859041742904549,4.666024350832663,0.7754495793036223,0,0,1,0,0,0,0,0,0,0,1
169,0,-2.1059502133710137,-0.009417211420652386,-0.4859842372342323,-0.4101032341546626,0.6297321288119976,1,0,1,0,0,0,0,0,0,0,1
170,0,0.6852080657475538,-0.009417211420652386,-0.4859842372342323,-0.4101032341546626,2.885275944249652,1,0,1,0,0,0,0,0,0,0,1
172,0,0.6852080657475538,-2.4058205411701508,4.2015694088645175,0.8589286620921687,0.8658312891022253,1,1,0,0,0,0,0,0,0,0,1
174,0,0.6852080657475538,-0.7083681825975895,-0.4859842372342323,-0.4101032341546626,-0.6983256478205332,1,0,1,0,0,0,0,0,0,0,1
176,0,0.6852080657475538,-1.0079185988162767,0.6859041742904549,0.8589286620921687,-0.7035493417419546,1,0,1,0,0,0,0,0,0,0,1
177,0,0.6852080657475538,-0.009417211420652386,3.0296809973398298,0.8589286620921687,0.5959183021991815,1,0,1,0,0,0,0,0,0,0,1
178,0,-2.1059502133710137,2.187285840849721,-0.4859842372342323,-0.4101032341546626,0.8353966317210629,0,0,0,0,1,0,0,0,0,0,0
179,0,-0.71037107381173,0.19028306605847248,-0.4859842372342323,-0.4101032341546626,-0.32388713579775025,1,0,1,0,0,0,0,0,0,0,1
180,0,0.6852080657475538,0.7893838984958471,-0.4859842372342323,-0.4101032341546626,-1.2830399744768002,1,0,1,0,0,0,0,0,0,0,1
182,0,-0.71037107381173,-0.009417211420652386,-0.4859842372342323,-0.4101032341546626,-0.17263611123682307,1,0,0,0,0,0,0,0,0,0,1
183,0,0.6852080657475538,-1.9065698474723387,4.2015694088645175,2.1279605583389998,1.0327607735261752,1,0,1,0,0,0,0,0,0,0,1
185,1,0.6852080657475538,-2.4058205411701508,-0.4859842372342323,2.1279605583389998,0.34198627720828245,0,0,1,0,0,0,0,0,0,0,1
186,0,-2.1059502133710137,-0.009417211420652386,-0.4859842372342323,-0.4101032341546626,2.4060094050580076,1,0,1,0,0,0,0,0,0,0,0
187,1,0.6852080657475538,-0.009417211420652386,0.6859041742904549,-0.4101032341546626,-0.13943466682100986,0,1,0,0,0,0,0,0,0,0,1
188,1,-2.1059502133710137,1.688035147151909,-0.4859842372342323,-0.4101032341546626,0.6758452460561827,1,0,1,0,0,0,0,0,0,0,1
189,0,0.6852080657475538,1.1887844534540968,0.6859041742904549,0.8589286620921687,-0.13943466682100986,1,1,0,0,0,0,0,0,0,0,1
190,0,0.6852080657475538,0.7893838984958471,-0.4859842372342323,-0.4101032341546626,-0.7004800526581815,1,0,1,0,0,0,0,0,0,0,1
191,1,-0.71037107381173,0.38998334353759734,-0.4859842372342323,-0.4101032341546626,-0.32388713579775025,0,0,1,0,0,0,0,0,0,0,1
192,0,-0.71037107381173,-0.9080684600767143,-0.4859842372342323,-0.4101032341546626,-0.32388713579775025,1,0,1,0,0,0,0,0,0,0,1
193,1,0.6852080657475538,-0.9080684600767143,0.6859041742904549,-0.4101032341546626,-0.7035493417419546,0,0,1,0,0,0,0,0,0,0,1
194,1,-0.71037107381173,-2.5056706799097133,0.6859041742904549,0.8589286620921687,0.6352657028812998,1,0,1,0,0,0,0,1,0,0,0
195,1,-2.1059502133710137,1.5881850084123466,-0.4859842372342323,-0.4101032341546626,0.7622280263273697,0,0,0,1,0,0,0,0,0,0,0
197,0,0.6852080657475538,-0.009417211420652386,-0.4859842372342323,-0.4101032341546626,-0.7112373206489051,1,1,0,0,0,0,0,0,0,0,1
198,0,0.6852080657475538,1.3884847309332218,-0.4859842372342323,0.8589286620921687,-0.6629697985670717,1,0,1,0,0,0,0,0,0,0,1
199,1,0.6852080657475538,-0.009417211420652386,-0.4859842372342323,-0.4101032341546626,-0.7112373206489051,0,1,0,0,0,0,0,0,0,0,1
200,0,-0.71037107381173,-0.40881776637890216,-0.4859842372342323,-0.4101032341546626,-0.32388713579775025,0,0,1,0,0,0,0,0,0,0,1
201,0,0.6852080657475538,-0.009417211420652386,-0.4859842372342323,-0.4101032341546626,-0.5821205923651868,1,0,1,0,0,0,0,0,0,0,1
203,0,0.6852080657475538,0.5896836210167222,-0.4859842372342323,-0.4101032341546626,-0.8037734352851562,1,0,1,0,0,0,0,0,0,0,1
204,0,0.6852080657475538,1.7379602165216903,-0.4859842372342323,-0.4101032341546626,-0.7499723391340206,1,0,0,0,0,0,0,0,0,0,1
205,1,0.6852080657475538,-1.0079185988162767,-0.4859842372342323,-0.4101032341546626,-0.6891030243716961,1,0,1,0,0,0,0,0,0,0,1
207,0,0.6852080657475538,0.38998334353759734,0.6859041742904549,-0.4101032341546626,-0.11361132116426623,1,0,1,0,0,0,0,0,0,0,1
208,1,0.6852080657475538,-0.20911748889977727,-0.4859842372342323,-0.4101032341546626,0.10312032988340385,1,0,0,0,0,0,0,0,0,0,1
209,1,0.6852080657475538,-1.2076188762954017,-0.4859842372342323,-0.4101032341546626,-0.7112373206489051,0,1,0,0,0,0,0,0,0,0,1
210,1,-2.1059502133710137,1.1887844534540968,-0.4859842372342323,-0.4101032341546626,1.0041706408347806,1,0,0,0,0,0,0,0,0,0,0
211,0,0.6852080657475538,-0.40881776637890216,-0.4859842372342323,-0.4101032341546626,-0.7628840119623923,1,0,1,0,0,0,0,0,0,0,1
212,1,-0.71037107381173,0.6895337597562847,-0.4859842372342323,-0.4101032341546626,0.266360764927819,0,0,1,0,0,0,0,0,0,0,1
213,0,0.6852080657475538,-0.608518043858027,-0.4859842372342323,-0.4101032341546626,-0.7481278144442531,1,0,1,0,0,0,0,0,0,0,1
214,0,-0.71037107381173,0.19028306605847248,-0.4859842372342323,-0.4101032341546626,-0.32388713579775025,1,0,1,0,0,0,0,0,0,0,1
215,0,0.6852080657475538,-0.009417211420652386,0.6859041742904549,-0.4101032341546626,-0.7112373206489051,1,1,0,0,0,0,0,0,0,0,1
217,1,0.6852080657475538,-0.10926735016021483,-0.4859842372342323,-0.4101032341546626,-0.6983256478205332,0,0,1,0,0,0,0,0,0,0,1
218,0,-0.71037107381173,1.3884847309332218,0.6859041742904549,-0.4101032341546626,0.709046690471996,1,0,1,0,0,0,0,0,0,0,1
220,0,-0.71037107381173,0.19028306605847248,-0.4859842372342323,-0.4101032341546626,-0.5083396047744906,1,0,1,0,0,0,0,0,0,0,1
221,1,0.6852080657475538,-1.2076188762954017,-0.4859842372342323,-0.4101032341546626,-0.6891030243716961,1,0,1,0,0,0,0,0,0,0,1
222,0,-0.71037107381173,-0.10926735016021483,-0.4859842372342323,-0.4101032341546626,-0.32388713579775025,1,0,1,0,0,0,0,0,0,0,1
223,0,0.6852080657475538,2.2871359795892836,-0.4859842372342323,-0.4101032341546626,-0.6891030243716961,1,0,1,0,0,0,0,0,0,0,1
224,0,0.6852080657475538,-0.009417211420652386,-0.4859842372342323,-0.4101032341546626,-0.7004800526581815,1,0,1,0,0,0,0,0,0,0,1
226,0,0.6852080657475538,-0.608518043858027,-0.4859842372342323,-0.4101032341546626,-0.5931877405037912,1,0,1,0,0,0,0,0,0,0,1
227,1,-0.71037107381173,-0.9080684600767143,-0.4859842372342323,-0.4101032341546626,-0.5083396047744906,1,0,1,0,0,0,0,0,0,0,1
228,0,0.6852080657475538,-0.7582932519673706,-0.4859842372342323,-0.4101032341546626,-0.7481278144442531,1,0,1,0,0,0,0,0,0,0,1
229,0,-0.71037107381173,-1.0079185988162767,-0.4859842372342323,-0.4101032341546626,-0.32388713579775025,1,0,1,0,0,0,0,0,0,0,1
230,0,0.6852080657475538,-0.009417211420652386,3.0296809973398298,0.8589286620921687,0.5959183021991815,0,0,1,0,0,0,0,0,0,0,1
232,0,0.6852080657475538,0.09043292731891005,-0.4859842372342323,-0.4101032341546626,-0.7093927959591376,1,0,1,0,0,0,0,0,0,0,1
234,1,0.6852080657475538,-2.3059704024305883,4.2015694088645175,2.1279605583389998,1.0327607735261752,0,0,1,0,0,0,0,0,0,0,1
235,0,-0.71037107381173,-0.40881776637890216,-0.4859842372342323,-0.4101032341546626,-0.5083396047744906,1,0,1,0,0,0,0,0,0,0,1
236,0,0.6852080657475538,-0.009417211420652386,-0.4859842372342323,-0.4101032341546626,-0.7259935181670443,0,0,1,0,0,0,0,0,0,0,1
237,0,-0.71037107381173,1.5881850084123466,0.6859041742904549,-0.4101032341546626,0.6352657028812998,1,0,1,0,0,0,0,0,0,0,1
238,1,-0.71037107381173,-2.006419986211901,-0.4859842372342323,2.1279605583389998,0.6537109497789738,0,0,1,0,0,0,0,0,0,0,1
239,0,-0.71037107381173,-0.9080684600767143,-0.4859842372342323,-0.4101032341546626,-0.5083396047744906,1,0,1,0,0,0,0,0,0,0,1
240,0,-0.71037107381173,0.4898334822771598,-0.4859842372342323,-0.4101032341546626,-0.37737835180100493,1,0,1,0,0,0,0,0,0,0,1
241,0,0.6852080657475538,-0.009417211420652386,0.6859041742904549,-0.4101032341546626,-0.21659482364335989,0,0,0,0,0,0,0,0,0,0,1
242,1,0.6852080657475538,-0.009417211420652386,0.6859041742904549,-0.4101032341546626,-0.13943466682100986,0,1,0,0,0,0,0,0,0,0,1
243,0,-0.71037107381173,0.09043292731891005,-0.4859842372342323,-0.4101032341546626,-0.5083396047744906,1,0,1,0,0,0,0,0,0,0,1
244,0,0.6852080657475538,-0.608518043858027,-0.4859842372342323,-0.4101032341546626,-0.7573504378930902,1,0,1,0,0,0,0,0,0,0,1
245,0,0.6852080657475538,0.19028306605847248,-0.4859842372342323,-0.4101032341546626,-0.7499723391340206,1,0,0,0,0,0,0,0,0,0,1
247,0,0.6852080657475538,-0.3089676276393397,-0.4859842372342323,-0.4101032341546626,-0.7093927959591376,0,0,1,0,0,0,0,0,0,0,1
248,1,-0.71037107381173,-0.40881776637890216,-0.4859842372342323,2.1279605583389998,-0.213215654411706,0,0,1,0,0,0,0,0,0,0,1
249,1,-2.1059502133710137,0.8892340372354095,0.6859041742904549,0.8589286620921687,2.5944608035621637,1,0,1,0,0,1,0,0,0,0,0
250,0,-0.71037107381173,2.586686395807971,0.6859041742904549,-0.4101032341546626,0.6352657028812998,1,0,1,0,0,0,0,0,0,0,1
251,0,0.6852080657475538,-0.009417211420652386,-0.4859842372342323,-0.4101032341546626,-0.7481278144442531,1,0,1,0,0,0,0,0,0,0,1
252,0,0.6852080657475538,0.09043292731891005,0.6859041742904549,0.8589286620921687,-0.5111063918091417,0,0,1,0,0,0,0,0,1,0,0
254,0,0.6852080657475538,0.19028306605847248,0.6859041742904549,-0.4101032341546626,-0.09516607426659206,1,0,1,0,0,0,0,0,0,0,1
255,0,0.6852080657475538,1.2886345921936593,-0.4859842372342323,2.1279605583389998,0.20825823720014566,0,0,1,0,0,0,0,0,0,0,1
256,1,0.6852080657475538,0.09043292731891005,-0.4859842372342323,2.1279605583389998,-0.1581897938665649,0,0,0,0,0,0,0,0,0,0,1
260,1,-0.71037107381173,2.187285840849721,-0.4859842372342323,0.8589286620921687,0.6352657028812998,0,0,1,0,0,0,0,0,0,0,1
261,0,0.6852080657475538,-0.009417211420652386,-0.4859842372342323,-0.4101032341546626,-0.7112373206489051,1,1,0,0,0,0,0,0,0,0,1
262,1,0.6852080657475538,-2.5056706799097133,4.2015694088645175,2.1279605583389998,1.0327607735261752,1,0,1,0,0,0,0,0,0,0,1
264,0,-2.1059502133710137,1.1887844534540968,-0.4859842372342323,-0.4101032341546626,-1.2830399744768002,1,0,1,1,0,0,0,0,0,0,0
265,0,0.6852080657475538,-0.009417211420652386,-0.4859842372342323,-0.4101032341546626,-0.7112373206489051,0,1,0,0,0,0,0,0,0,0,1
266,0,-0.71037107381173,0.7893838984958471,-0.4859842372342323,-0.4101032341546626,-0.5083396047744906,1,0,1,0,0,0,0,0,0,0,1
267,0,0.6852080657475538,-1.2076188762954017,4.2015694088645175,0.8589286620921687,1.6451429705289533,1,0,1,0,0,0,0,0,0,0,1
268,1,0.6852080657475538,-0.3089676276393397,0.6859041742904549,-0.4101032341546626,-0.7093927959591376,1,0,1,0,0,0,0,0,0,0,1
271,0,-2.1059502133710137,-0.009417211420652386,-0.4859842372342323,-0.4101032341546626,1.0041706408347806,1,0,1,0,0,0,0,0,0,0,1
272,1,0.6852080657475538,-0.3089676276393397,-0.4859842372342323,-0.4101032341546626,-1.2830399744768002,1,0,1,0,0,0,0,0,0,0,1
273,1,-0.71037107381173,1.2886345921936593,-0.4859842372342323,0.8589286620921687,0.15568928354177475,0,0,1,0,0,0,0,0,0,0,1
274,0,-2.1059502133710137,0.8892340372354095,-0.4859842372342323,0.8589286620921687,0.9082553569668755,1,0,0,0,1,0,0,0,0,0,0
275,1,0.6852080657475538,-0.009417211420652386,-0.4859842372342323,-0.4101032341546626,-0.7112373206489051,0,1,0,0,0,0,0,0,0,0,1
277,0,0.6852080657475538,1.688035147151909,-0.4859842372342323,-0.4101032341546626,-0.7112373206489051,0,0,1,0,0,0,0,0,0,0,1
278,0,-0.71037107381173,-0.009417211420652386,-0.4859842372342323,-0.4101032341546626,-1.2830399744768002,1,0,1,0,0,0,0,0,0,0,1
279,0,0.6852080657475538,-2.1062701249514637,4.2015694088645175,0.8589286620921687,0.8658312891022253,1,1,0,0,0,0,0,0,0,0,1
280,1,0.6852080657475538,0.6895337597562847,0.6859041742904549,0.8589286620921687,0.21102502423479688,0,0,1,0,0,0,0,0,0,0,1
282,0,0.6852080657475538,-0.009417211420652386,-0.4859842372342323,-0.4101032341546626,-0.7035493417419546,1,0,1,0,0,0,0,0,0,0,1
283,0,0.6852080657475538,-1.2076188762954017,-0.4859842372342323,-0.4101032341546626,-0.5821205923651868,1,0,1,0,0,0,0,0,0,0,1
284,1,0.6852080657475538,-0.9080684600767143,-0.4859842372342323,-0.4101032341546626,-0.6891030243716961,1,0,1,0,0,0,0,0,0,0,1
285,0,-2.1059502133710137,-0.009417211420652386,-0.4859842372342323,-0.4101032341546626,0.6352657028812998,1,0,1,0,0,0,0,0,0,0,0
286,0,0.6852080657475538,0.4898334822771598,-0.4859842372342323,-0.4101032341546626,-0.6439121694723948,1,0,0,0,0,0,0,0,0,0,1
287,1,0.6852080657475538,0.19028306605847248,-0.4859842372342323,-0.4101032341546626,-0.5821205923651868,1,0,1,0,0,0,0,0,0,0,1
288,0,0.6852080657475538,-0.608518043858027,-0.4859842372342323,-0.4101032341546626,-0.7004800526581815,1,0,1,0,0,0,0,0,0,0,1
289,1,-0.71037107381173,1.3884847309332218,-0.4859842372342323,-0.4101032341546626,-0.32388713579775025,1,0,1,0,0,0,0,0,0,0,1
290,1,0.6852080657475538,-0.608518043858027,-0.4859842372342323,-0.4101032341546626,-0.7112373206489051,0,1,0,0,0,0,0,0,0,0,1
293,0,-0.71037107381173,0.7893838984958471,-0.4859842372342323,-0.4101032341546626,-0.33310975924658726,1,0,0,0,0,1,0,0,0,0,0
294,0,0.6852080657475538,-0.40881776637890216,-0.4859842372342323,-0.4101032341546626,-0.6300782342991393,0,0,1,0,0,0,0,0,0,0,1
295,0,0.6852080657475538,-0.40881776637890216,-0.4859842372342323,-0.4101032341546626,-0.7004800526581815,1,0,1,0,0,0,0,0,0,0,1
296,0,-2.1059502133710137,-0.009417211420652386,-0.4859842372342323,-0.4101032341546626,0.7622280263273697,1,0,0,0,0,0,0,0,0,0,1
297,0,0.6852080657475538,-0.45874283574868335,-0.4859842372342323,-0.4101032341546626,-0.7496624589861397,1,0,0,0,0,0,0,0,0,0,1
299,1,-2.1059502133710137,-0.009417211420652386,-0.4859842372342323,-0.4101032341546626,0.9672801470394324,1,0,1,0,1,0,0,0,0,0,0
301,1,0.6852080657475538,-0.009417211420652386,-0.4859842372342323,-0.4101032341546626,-0.7112373206489051,0,1,0,0,0,0,0,0,0,0,1
302,1,0.6852080657475538,-0.009417211420652386,1.8577925858151423,-0.4101032341546626,0.43236798700688533,1,1,0,0,0,0,0,0,0,0,1
303,0,0.6852080657475538,-0.9080684600767143,-0.4859842372342323,-0.4101032341546626,-1.2830399744768002,1,0,1,0,0,0,0,0,0,0,1
304,1,-0.71037107381173,-0.009417211420652386,-0.4859842372342323,-0.4101032341546626,-0.37184477773170277,0,1,0,0,0,0,1,0,0,0,0
305,0,0.6852080657475538,-0.009417211420652386,-0.4859842372342323,-0.4101032341546626,-0.6891030243716961,1,0,1,0,0,0,0,0,0,0,1
309,0,-0.71037107381173,0.19028306605847248,0.6859041742904549,-0.4101032341546626,0.48770372769990744,1,0,0,0,0,0,0,0,0,0,1
310,1,-2.1059502133710137,0.19028306605847248,-0.4859842372342323,-0.4101032341546626,2.9172526242714594,0,0,0,0,0,0,1,0,0,0,0
313,0,-0.71037107381173,-0.20911748889977727,0.6859041742904549,0.8589286620921687,0.6352657028812998,0,0,1,0,0,0,0,0,0,0,1
314,0,0.6852080657475538,-0.009417211420652386,-0.4859842372342323,-0.4101032341546626,-0.7004800526581815,1,0,1,0,0,0,0,0,0,0,1
315,0,-0.71037107381173,1.4883348696727843,0.6859041742904549,0.8589286620921687,0.6537109497789738,1,0,1,0,0,0,0,0,0,0,1
316,1,0.6852080657475538,-0.20911748889977727,-0.4859842372342323,-0.4101032341546626,-0.7035493417419546,0,0,1,0,0,0,0,0,0,0,1
317,1,-0.71037107381173,-0.40881776637890216,0.6859041742904549,-0.4101032341546626,0.6352657028812998,0,0,1,0,0,0,0,0,0,0,1
318,0,-0.71037107381173,2.586686395807971,-0.4859842372342323,-0.4101032341546626,-0.25010614820705407,1,0,1,0,0,0,0,0,0,0,1
321,0,0.6852080657475538,-0.608518043858027,-0.4859842372342323,-0.4101032341546626,-0.7481278144442531,1,0,1,0,0,0,0,0,0,0,1
322,0,0.6852080657475538,-0.10926735016021483,-0.4859842372342323,-0.4101032341546626,-0.7004800526581815,1,0,1,0,0,0,0,0,0,0,1
323,1,-0.71037107381173,0.19028306605847248,-0.4859842372342323,-0.4101032341546626,-0.37184477773170277,0,1,0,0,0,0,0,0,0,0,1
324,1,-0.71037107381173,-0.608518043858027,0.6859041742904549,0.8589286620921687,0.8566086656533882,0,0,1,0,0,0,0,0,0,0,1
328,1,-0.71037107381173,0.7893838984958471,-0.4859842372342323,-0.4101032341546626,-0.32388713579775025,0,0,1,0,0,1,0,0,0,0,0
329,1,0.6852080657475538,0.29013320479803495,0.6859041742904549,0.8589286620921687,0.2313147958222382,0,0,1,0,0,0,0,0,0,0,1
330,1,-2.1059502133710137,-1.2076188762954017,-0.4859842372342323,0.8589286620921687,2.99472266124169,0,0,0,1,0,0,0,0,0,0,0
331,1,0.6852080657475538,-0.009417211420652386,1.8577925858151423,-0.4101032341546626,0.43236798700688533,0,1,0,0,0,0,0,0,0,0,1
332,0,-2.1059502133710137,1.7379602165216903,-0.4859842372342323,-0.4101032341546626,0.8197181718580402,1,0,1,0,1,0,0,0,0,0,0
334,0,0.6852080657475538,-1.2076188762954017,1.8577925858151423,-0.4101032341546626,0.04501780215573053,1,0,1,0,0,0,0,0,0,0,1
336,0,0.6852080657475538,-0.009417211420652386,-0.4859842372342323,-0.4101032341546626,-0.7004800526581815,1,0,1,0,0,0,0,0,0,0,1
339,1,0.6852080657475538,1.688035147151909,-0.4859842372342323,-0.4101032341546626,-0.6891030243716961,1,0,1,0,0,0,0,0,0,0,1
340,0,-2.1059502133710137,1.688035147151909,-0.4859842372342323,-0.4101032341546626,1.3361850849929133,1,0,1,0,0,0,0,0,0,1,0
343,0,-0.71037107381173,-0.009417211420652386,-0.4859842372342323,-0.4101032341546626,-0.32388713579775025,1,0,1,0,0,0,0,0,0,0,1
344,0,-0.71037107381173,-0.3089676276393397,-0.4859842372342323,-0.4101032341546626,-0.32388713579775025,1,0,1,0,0,0,0,0,0,0,1
345,0,-0.71037107381173,0.7893838984958471,-0.4859842372342323,-0.4101032341546626,-0.32388713579775025,1,0,1,0,0,0,0,0,0,0,1
346,1,-0.71037107381173,-0.40881776637890216,-0.4859842372342323,-0.4101032341546626,-0.32388713579775025,0,0,1,0,0,0,0,1,0,0,0
347,1,-0.71037107381173,1.1887844534540968,-0.4859842372342323,-0.4101032341546626,-0.32388713579775025,0,0,1,0,0,0,0,0,0,0,1
348,1,0.6852080657475538,-0.009417211420652386,0.6859041742904549,-0.4101032341546626,-0.09516607426659206,0,0,1,0,0,0,0,0,0,0,1
349,1,0.6852080657475538,-2.5056706799097133,0.6859041742904549,0.8589286620921687,-0.10992227178473138,1,0,1,0,0,0,0,0,0,0,1
350,0,0.6852080657475538,1.3884847309332218,-0.4859842372342323,-0.4101032341546626,-0.6439121694723948,1,0,1,0,0,0,0,0,0,0,1
351,0,0.6852080657475538,-0.5086679051184646,-0.4859842372342323,-0.4101032341546626,-0.6024103639526283,1,0,1,0,0,0,0,0,0,0,1
352,0,-2.1059502133710137,-0.009417211420652386,-0.4859842372342323,-0.4101032341546626,1.299294591197565,1,0,1,0,1,0,0,0,0,0,0
353,0,0.6852080657475538,-1.3074690150349642,0.6859041742904549,0.8589286620921687,-0.7496624589861397,1,0,0,0,0,0,0,0,0,0,1
354,0,0.6852080657475538,-0.3089676276393397,0.6859041742904549,-0.4101032341546626,0.03026160463759135,1,0,1,0,0,0,0,0,0,0,1
355,0,0.6852080657475538,-0.009417211420652386,-0.4859842372342323,-0.4101032341546626,-0.7499723391340206,1,0,0,0,0,0,0,0,0,0,1
356,0,0.6852080657475538,-0.009417211420652386,-0.4859842372342323,-0.4101032341546626,-0.5821205923651868,1,0,1,0,0,0,0,0,0,0,1
357,1,-2.1059502133710137,-0.608518043858027,-0.4859842372342323,0.8589286620921687,2.7749143430114884,0,0,1,0,0,0,1,0,0,0,0
358,0,-0.71037107381173,0.989084175974972,-0.4859842372342323,-0.4101032341546626,-0.32388713579775025,0,0,1,0,0,0,0,0,0,0,1
359,1,0.6852080657475538,-0.009417211420652386,-0.4859842372342323,-0.4101032341546626,-0.701704817052187,0,1,0,0,0,0,0,0,0,0,1
360,1,0.6852080657475538,-0.009417211420652386,-0.4859842372342323,-0.4101032341546626,-0.701704817052187,0,1,0,0,0,0,0,0,0,0,1
361,0,0.6852080657475538,1.1887844534540968,0.6859041742904549,4.666024350832663,0.7754495793036223,1,0,1,0,0,0,0,0,0,0,1
362,0,-0.71037107381173,0.09043292731891005,0.6859041742904549,-0.4101032341546626,0.7622280263273697,1,0,0,0,0,0,0,0,0,0,1
363,0,0.6852080657475538,1.688035147151909,-0.4859842372342323,0.8589286620921687,-0.21659482364335989,0,0,0,0,0,0,0,0,0,0,1
364,0,0.6852080657475538,0.6895337597562847,-0.4859842372342323,-0.4101032341546626,-0.7628840119623923,1,0,1,0,0,0,0,0,0,0,1
365,0,0.6852080657475538,-0.009417211420652386,0.6859041742904549,-0.4101032341546626,-0.13943466682100986,1,1,0,0,0,0,0,0,0,0,1
366,0,0.6852080657475538,0.19028306605847248,-0.4859842372342323,-0.4101032341546626,-0.7481278144442531,1,0,1,0,0,0,0,0,0,0,1
368,1,0.6852080657475538,-0.009417211420652386,-0.4859842372342323,-0.4101032341546626,-0.7496624589861397,0,0,0,0,0,0,0,0,0,0,1
369,1,0.6852080657475538,-0.009417211420652386,-0.4859842372342323,-0.4101032341546626,-0.7112373206489051,0,1,0,0,0,0,0,0,0,0,1
371,1,-2.1059502133710137,-0.3089676276393397,0.6859041742904549,-0.4101032341546626,2.8075034052302987,1,0,0,0,0,0,1,0,0,0,0
372,0,0.6852080657475538,-1.0079185988162767,0.6859041742904549,-0.4101032341546626,-0.8037734352851562,1,0,1,0,0,0,0,0,0,0,1
373,0,0.6852080657475538,-0.9080684600767143,-0.4859842372342323,-0.4101032341546626,-0.6891030243716961,1,0,1,0,0,0,0,0,0,0,1
375,0,0.6852080657475538,-2.5056706799097133,3.0296809973398298,0.8589286620921687,0.2718943389971212,0,0,1,0,0,0,0,0,0,0,1
377,1,0.6852080657475538,-0.608518043858027,-0.4859842372342323,-0.4101032341546626,-0.7481278144442531,0,0,1,0,0,0,0,0,0,0,1
379,0,0.6852080657475538,-0.8082183213371519,-0.4859842372342323,-0.4101032341546626,-0.986993761769132,1,0,0,0,0,0,0,0,0,0,1
380,0,0.6852080657475538,-0.9080684600767143,-0.4859842372342323,-0.4101032341546626,-0.7093927959591376,1,0,1,0,0,0,0,0,0,0,1
383,0,0.6852080657475538,0.38998334353759734,-0.4859842372342323,-0.4101032341546626,-0.6983256478205332,1,0,1,0,0,0,0,0,0,0,1
384,1,-2.1059502133710137,0.6895337597562847,0.6859041742904549,-0.4101032341546626,2.5535713802394,0,0,1,0,0,0,0,0,0,0,1
385,0,0.6852080657475538,-0.009417211420652386,-0.4859842372342323,-0.4101032341546626,-0.7004800526581815,1,0,1,0,0,0,0,0,0,0,1
388,1,-0.71037107381173,0.7893838984958471,-0.4859842372342323,-0.4101032341546626,-0.32388713579775025,0,0,1,0,0,0,0,0,0,0,1
389,0,0.6852080657475538,-0.009417211420652386,-0.4859842372342323,-0.4101032341546626,-0.7127719651907917,1,1,0,0,0,0,0,0,0,0,1
390,1,-0.71037107381173,-1.1077687375558392,-0.4859842372342323,-0.4101032341546626,-0.3976681233884464,0,0,0,0,0,0,0,0,0,0,1
392,1,0.6852080657475538,-0.7083681825975895,-0.4859842372342323,-0.4101032341546626,-0.7078581514172512,1,0,1,0,0,0,0,0,0,0,1
393,0,0.6852080657475538,-0.009417211420652386,1.8577925858151423,-0.4101032341546626,-0.6983256478205332,1,0,1,0,0,0,0,0,0,0,1
395,1,0.6852080657475538,-0.40881776637890216,-0.4859842372342323,2.1279605583389998,-0.05089748171217453,0,0,1,0,0,0,0,0,1,0,0
396,0,0.6852080657475538,-0.608518043858027,-0.4859842372342323,-0.4101032341546626,-0.7078581514172512,1,0,1,0,0,0,0,0,0,0,1
397,0,0.6852080657475538,0.29013320479803495,-0.4859842372342323,-0.4101032341546626,-0.7035493417419546,0,0,1,0,0,0,0,0,0,0,1
398,0,-0.71037107381173,1.7878852858914716,-0.4859842372342323,-0.4101032341546626,0.6352657028812998,1,0,1,0,0,0,0,0,0,0,1
399,0,-0.71037107381173,-0.5086679051184646,-0.4859842372342323,-0.4101032341546626,-0.5083396047744906,1,0,1,0,0,0,0,0,0,0,1
400,1,-0.71037107381173,-0.009417211420652386,-0.4859842372342323,-0.4101032341546626,-0.3497104814544939,0,0,1,0,0,0,0,0,0,0,1
401,1,0.6852080657475538,1.0889343147145345,-0.4859842372342323,-0.4101032341546626,-0.6983256478205332,1,0,1,0,0,0,0,0,0,0,1
402,0,0.6852080657475538,-0.20911748889977727,-0.4859842372342323,-0.4101032341546626,-0.6891030243716961,1,0,1,0,0,0,0,0,0,0,1
403,0,0.6852080657475538,-0.7083681825975895,0.6859041742904549,-0.4101032341546626,-0.5581417713982106,0,0,1,0,0,0,0,0,0,0,1
404,0,0.6852080657475538,-0.009417211420652386,0.6859041742904549,-0.4101032341546626,-0.11361132116426623,1,0,1,0,0,0,0,0,0,0,1
405,0,0.6852080657475538,-0.8082183213371519,-0.4859842372342323,-0.4101032341546626,-0.6439121694723948,0,0,1,0,0,0,0,0,0,0,1
406,0,-0.71037107381173,0.5896836210167222,0.6859041742904549,-0.4101032341546626,0.266360764927819,1,0,1,0,0,0,0,0,0,0,1
407,0,0.6852080657475538,2.2871359795892836,-0.4859842372342323,-0.4101032341546626,-0.7112373206489051,1,0,1,0,0,0,0,0,0,0,1
408,1,-0.71037107381173,-2.5056706799097133,0.6859041742904549,0.8589286620921687,0.10035354284875264,1,0,1,0,0,0,0,0,0,0,1
409,0,0.6852080657475538,-0.7083681825975895,-0.4859842372342323,-0.4101032341546626,-0.7093927959591376,1,0,1,0,0,0,0,0,0,0,1
410,0,0.6852080657475538,-0.009417211420652386,3.0296809973398298,0.8589286620921687,0.5959183021991815,0,0,1,0,0,0,0,0,0,0,1
411,0,0.6852080657475538,-0.009417211420652386,-0.4859842372342323,-0.4101032341546626,-0.7004800526581815,1,0,1,0,0,0,0,0,0,0,1
412,0,0.6852080657475538,-0.009417211420652386,-0.4859842372342323,-0.4101032341546626,-0.7770278272835288,1,1,0,0,0,0,0,0,0,0,1
414,0,-0.71037107381173,-0.009417211420652386,-0.4859842372342323,-0.4101032341546626,-1.2830399744768002,1,0,1,0,0,0,0,0,0,0,1
415,1,0.6852080657475538,1.5881850084123466,-0.4859842372342323,-0.4101032341546626,-0.6983256478205332,1,0,1,0,0,0,0,0,0,0,1
416,0,0.6852080657475538,-0.009417211420652386,-0.4859842372342323,-0.4101032341546626,-0.6891030243716961,0,0,1,0,0,0,0,0,0,0,1
417,1,-0.71037107381173,0.5896836210167222,0.6859041742904549,0.8589286620921687,1.1148421222208247,0,0,1,0,0,0,0,0,0,0,1
418,1,-0.71037107381173,-1.0079185988162767,-0.4859842372342323,2.1279605583389998,-0.32388713579775025,0,0,1,0,0,0,0,0,0,0,1
419,0,-0.71037107381173,0.19028306605847248,-0.4859842372342323,-0.4101032341546626,-0.32388713579775025,1,0,1,0,0,0,0,0,0,0,1
420,0,0.6852080657475538,-1.8067197087327762,-0.4859842372342323,2.1279605583389998,0.49877087583851176,0,0,1,0,0,0,0,0,0,0,1
421,0,0.6852080657475538,-0.009417211420652386,-0.4859842372342323,-0.4101032341546626,-0.7004800526581815,1,0,0,0,0,0,0,0,0,0,1
422,0,0.6852080657475538,-0.7083681825975895,-0.4859842372342323,-0.4101032341546626,-0.7124694631416697,1,1,0,0,0,0,0,0,0,0,1
423,0,0.6852080657475538,0.09043292731891005,-0.4859842372342323,-0.4101032341546626,-0.702014697200068,1,0,1,0,0,0,0,0,0,0,1
424,0,0.6852080657475538,-0.009417211420652386,0.6859041742904549,0.8589286620921687,-0.22059375317077562,0,0,1,0,0,0,0,0,0,0,1
425,0,0.6852080657475538,-1.0079185988162767,0.6859041742904549,0.8589286620921687,0.20825823720014566,1,0,1,0,0,0,0,0,0,0,1
426,0,0.6852080657475538,-0.009417211420652386,-0.4859842372342323,-0.4101032341546626,-0.7481278144442531,1,0,1,0,0,0,0,0,0,0,1
427,1,-0.71037107381173,-0.009417211420652386,0.6859041742904549,-0.4101032341546626,0.6352657028812998,0,0,1,0,0,0,0,0,0,0,1
428,1,-0.71037107381173,-0.9080684600767143,-0.4859842372342323,-0.4101032341546626,0.6352657028812998,0,0,1,0,0,0,0,0,0,0,1
429,0,0.6852080657475538,-0.009417211420652386,-0.4859842372342323,-0.4101032341546626,-0.7112373206489051,1,1,0,0,0,0,0,0,0,0,1
430,1,0.6852080657475538,0.38998334353759734,-0.4859842372342323,-0.4101032341546626,-0.6891030243716961,1,0,1,0,0,0,1,0,0,0,0
431,1,-2.1059502133710137,-0.009417211420652386,-0.4859842372342323,-0.4101032341546626,0.6758452460561827,1,0,1,0,1,0,0,0,0,0,0
432,1,0.6852080657475538,-0.009417211420652386,0.6859041742904549,-0.4101032341546626,-0.09516607426659206,0,0,1,0,0,0,0,0,0,0,1
433,1,-0.71037107381173,1.3884847309332218,0.6859041742904549,-0.4101032341546626,0.6352657028812998,0,0,1,0,0,0,0,0,0,0,1
434,0,0.6852080657475538,-1.1077687375558392,-0.4859842372342323,-0.4101032341546626,-0.7573504378930902,1,0,1,0,0,0,0,0,0,0,1
435,0,-2.1059502133710137,2.187285840849721,0.6859041742904549,-0.4101032341546626,2.8413172318431146,1,0,1,0,0,0,1,0,0,0,0
437,0,0.6852080657475538,-0.7083681825975895,1.8577925858151423,2.1279605583389998,1.25318147395338,0,0,1,0,0,0,0,0,0,0,1
438,1,-0.71037107381173,-0.40881776637890216,1.8577925858151423,3.3969924545858317,0.10035354284875264,0,0,1,0,0,0,0,0,0,0,1
440,0,-0.71037107381173,0.29013320479803495,-0.4859842372342323,-0.4101032341546626,-0.5083396047744906,1,0,1,0,0,0,0,0,0,0,1
441,1,-0.71037107381173,1.688035147151909,0.6859041742904549,0.8589286620921687,0.6537109497789738,0,0,1,0,0,0,0,0,0,0,1
442,0,0.6852080657475538,-0.8082183213371519,-0.4859842372342323,-0.4101032341546626,-0.5821205923651868,1,0,1,0,0,0,0,0,0,0,1
443,0,0.6852080657475538,-0.3089676276393397,0.6859041742904549,-0.4101032341546626,-0.7093927959591376,1,0,1,0,0,0,0,0,0,0,1
444,1,-0.71037107381173,-0.009417211420652386,-0.4859842372342323,-0.4101032341546626,-0.32388713579775025,0,0,1,0,0,0,0,0,0,0,1
445,1,0.6852080657475538,-0.009417211420652386,-0.4859842372342323,-0.4101032341546626,-0.6844917126472777,1,0,1,0,0,0,0,0,0,0,1
447,1,-0.71037107381173,-1.507169292514089,-0.4859842372342323,0.8589286620921687,0.15568928354177475,0,0,1,0,0,0,0,0,0,0,1
448,1,-2.1059502133710137,0.5896836210167222,-0.4859842372342323,-0.4101032341546626,0.6758452460561827,1,0,1,0,0,0,0,0,0,0,1
449,1,0.6852080657475538,-2.3059704024305883,1.8577925858151423,0.8589286620921687,0.1378564188411034,0,0,0,0,0,0,0,0,0,0,1
450,1,-2.1059502133710137,2.386986118328846,-0.4859842372342323,-0.4101032341546626,0.9672801470394324,1,0,1,0,1,0,0,0,0,0,0
451,0,-0.71037107381173,0.7893838984958471,0.6859041742904549,2.1279605583389998,0.764382431165018,1,0,1,0,0,0,0,0,0,0,1
452,0,0.6852080657475538,-0.009417211420652386,0.6859041742904549,-0.4101032341546626,0.19012287045035262,1,0,1,0,0,0,0,0,0,0,1
453,0,-2.1059502133710137,0.19028306605847248,-0.4859842372342323,-0.4101032341546626,0.764382431165018,1,0,0,0,1,0,0,0,0,0,0
455,0,0.6852080657475538,-0.009417211420652386,-0.4859842372342323,-0.4101032341546626,-0.6891030243716961,1,0,1,0,0,0,0,0,0,0,1
456,1,0.6852080657475538,0.09043292731891005,-0.4859842372342323,-0.4101032341546626,-0.7004800526581815,1,0,0,0,0,0,0,0,0,0,1
458,1,-2.1059502133710137,-0.009417211420652386,0.6859041742904549,-0.4101032341546626,2.543426494445679,0,0,1,0,0,1,0,0,0,0,0
459,1,-0.71037107381173,2.187285840849721,-0.4859842372342323,-0.4101032341546626,-0.5083396047744906,0,0,1,0,0,0,0,0,0,0,1
460,0,0.6852080657475538,-0.009417211420652386,-0.4859842372342323,-0.4101032341546626,-0.7112373206489051,1,1,0,0,0,0,0,0,0,0,1
461,1,-2.1059502133710137,1.9875855633705963,-0.4859842372342323,-0.4101032341546626,0.6758452460561827,1,0,1,0,0,0,1,0,0,0,0
462,0,0.6852080657475538,0.5896836210167222,-0.4859842372342323,-0.4101032341546626,-0.6891030243716961,1,0,1,0,0,0,0,0,0,0,1
463,0,-2.1059502133710137,1.8877354246310338,-0.4859842372342323,-0.4101032341546626,1.5575280477650018,1,0,1,0,0,0,1,0,0,0,0
464,0,-0.71037107381173,1.9875855633705963,-0.4859842372342323,-0.4101032341546626,-0.32388713579775025,1,0,1,0,0,0,0,0,0,0,1
465,0,0.6852080657475538,-0.009417211420652386,-0.4859842372342323,-0.4101032341546626,-0.6891030243716961,1,0,1,0,0,0,0,0,0,0,1
466,0,0.6852080657475538,0.989084175974972,-0.4859842372342323,-0.4101032341546626,-0.7628840119623923,1,0,1,0,0,0,0,0,0,0,1
467,0,-0.71037107381173,-0.009417211420652386,-0.4859842372342323,-0.4101032341546626,-1.2830399744768002,1,0,1,0,0,0,0,0,0,0,1
469,0,0.6852080657475538,-0.009417211420652386,-0.4859842372342323,-0.4101032341546626,-0.7130818453386725,1,1,0,0,0,0,0,0,0,0,1
471,0,0.6852080657475538,-0.009417211420652386,-0.4859842372342323,-0.4101032341546626,-0.7481278144442531,1,0,1,0,0,0,0,0,0,0,1
472,0,0.6852080657475538,0.989084175974972,-0.4859842372342323,-0.4101032341546626,-0.6439121694723948,1,0,1,0,0,0,0,0,0,0,1
473,1,-0.71037107381173,0.4898334822771598,0.6859041742904549,2.1279605583389998,0.764382431165018,0,0,1,0,0,0,0,0,0,0,1
474,1,-0.71037107381173,-0.5086679051184646,-0.4859842372342323,-0.4101032341546626,-0.26547472792219606,0,0,0,0,0,1,0,0,0,0,0
475,0,0.6852080657475538,-0.608518043858027,-0.4859842372342323,-0.4101032341546626,-0.5572195090533268,0,0,1,0,0,0,0,0,0,0,1
476,0,-2.1059502133710137,-0.009417211420652386,-0.4859842372342323,-0.4101032341546626,2.5535713802394,1,0,1,0,0,0,0,0,0,0,0
477,0,-0.71037107381173,0.5896836210167222,0.6859041742904549,-0.4101032341546626,0.266360764927819,1,0,1,0,0,0,0,0,0,0,1
478,0,0.6852080657475538,0.09043292731891005,0.6859041742904549,-0.4101032341546626,-0.7631938921102733,1,0,1,0,0,0,0,0,0,0,1
479,0,0.6852080657475538,-0.608518043858027,-0.4859842372342323,-0.4101032341546626,-0.7281479230046926,1,0,1,0,0,0,0,0,0,0,1
481,0,0.6852080657475538,-1.9065698474723387,5.373457820389204,2.1279605583389998,2.1772883435268495,1,0,1,0,0,0,0,0,0,0,1
482,0,-0.71037107381173,-0.009417211420652386,-0.4859842372342323,-0.4101032341546626,-1.2830399744768002,1,0,1,0,0,0,0,0,0,0,1
483,0,0.6852080657475538,2.187285840849721,-0.4859842372342323,-0.4101032341546626,-0.6891030243716961,1,0,1,0,0,0,0,0,0,0,1
486,0,0.6852080657475538,-0.009417211420652386,3.0296809973398298,0.8589286620921687,0.5959183021991815,0,0,1,0,0,0,0,0,0,0,1
489,0,0.6852080657475538,0.19028306605847248,-0.4859842372342323,-0.4101032341546626,-0.6891030243716961,1,0,1,0,0,0,0,0,0,0,1
490,1,0.6852080657475538,-1.9065698474723387,0.6859041742904549,0.8589286620921687,-0.10992227178473138,1,0,1,0,0,0,0,0,0,0,1
491,0,0.6852080657475538,-0.009417211420652386,0.6859041742904549,-0.4101032341546626,0.19012287045035262,1,0,1,0,0,0,0,0,0,0,1
492,0,0.6852080657475538,-0.7083681825975895,-0.4859842372342323,-0.4101032341546626,-0.7481278144442531,1,0,1,0,0,0,0,0,0,0,1
495,0,0.6852080657475538,-0.7083681825975895,-0.4859842372342323,-0.4101032341546626,-0.6891030243716961,1,0,1,0,0,0,0,0,0,0,1
496,0,0.6852080657475538,-0.009417211420652386,-0.4859842372342323,-0.4101032341546626,-0.21629232159423809,1,0,0,0,0,0,0,0,0,0,1
498,0,0.6852080657475538,-0.009417211420652386,-0.4859842372342323,-0.4101032341546626,-0.16894706185728836,1,0,1,0,0,0,0,0,0,0,1
500,0,0.6852080657475538,-0.40881776637890216,-0.4859842372342323,-0.4101032341546626,-0.7078581514172512,1,0,1,0,0,0,0,0,0,0,1
501,0,0.6852080657475538,-1.1077687375558392,-0.4859842372342323,-0.4101032341546626,-0.6439121694723948,1,0,1,0,0,0,0,0,0,0,1
502,0,0.6852080657475538,-0.7083681825975895,-0.4859842372342323,-0.4101032341546626,-0.7112373206489051,0,1,0,0,0,0,0,0,0,0,1
503,0,0.6852080657475538,-0.009417211420652386,-0.4859842372342323,-0.4101032341546626,-0.7201500639498611,0,1,0,0,0,0,0,0,0,0,1
504,0,0.6852080657475538,0.8892340372354095,-0.4859842372342323,-0.4101032341546626,-0.5756647559510009,0,0,1,0,0,0,0,0,0,0,1
507,1,-0.71037107381173,0.4898334822771598,-0.4859842372342323,2.1279605583389998,0.6352657028812998,0,0,1,0,0,0,0,0,0,0,1
508,1,-2.1059502133710137,-0.009417211420652386,-0.4859842372342323,-0.4101032341546626,0.6758452460561827,1,0,1,0,0,0,0,0,0,0,1
509,0,0.6852080657475538,-0.009417211420652386,-0.4859842372342323,-0.4101032341546626,0.37887677100363054,1,0,1,0,0,0,0,0,0,0,1
510,1,0.6852080657475538,-0.20911748889977727,-0.4859842372342323,-0.4101032341546626,2.885275944249652,1,0,1,0,0,0,0,0,0,0,1
511,1,0.6852080657475538,0.09043292731891005,-0.4859842372342323,-0.4101032341546626,-0.7112373206489051,1,1,0,0,0,0,0,0,0,0,1
512,0,0.6852080657475538,-0.009417211420652386,-0.4859842372342323,-0.4101032341546626,-0.6891030243716961,1,0,1,0,0,0,0,0,0,0,1
513,1,-2.1059502133710137,0.7893838984958471,-0.4859842372342323,-0.4101032341546626,0.656477736813625,1,0,1,0,0,0,1,0,0,0,0
514,1,-2.1059502133710137,2.586686395807971,0.6859041742904549,-0.4101032341546626,3.099550688410551,0,0,0,0,0,0,0,0,0,0,1
515,0,0.6852080657475538,-0.40881776637890216,-0.4859842372342323,-0.4101032341546626,-0.7299924476944601,1,0,1,0,0,0,0,0,0,0,1
516,0,-2.1059502133710137,1.8877354246310338,-0.4859842372342323,-0.4101032341546626,1.2270482481487557,1,0,1,0,0,1,0,0,0,0,0
517,1,-0.71037107381173,0.5896836210167222,-0.4859842372342323,-0.4101032341546626,-0.5083396047744906,0,0,1,0,0,0,0,1,0,0,0
518,0,0.6852080657475538,-0.009417211420652386,-0.4859842372342323,-0.4101032341546626,0.49877087583851176,1,1,0,0,0,0,0,0,0,0,1
519,1,-0.71037107381173,0.7893838984958471,0.6859041742904549,-0.4101032341546626,0.6352657028812998,0,0,1,0,0,0,0,0,0,0,1
520,0,0.6852080657475538,0.38998334353759734,-0.4859842372342323,-0.4101032341546626,-0.7004800526581815,1,0,1,0,0,0,0,0,0,0,1
522,0,0.6852080657475538,-0.608518043858027,-0.4859842372342323,-0.4101032341546626,-0.7004800526581815,1,0,1,0,0,0,0,0,0,0,1
523,0,0.6852080657475538,-0.009417211420652386,-0.4859842372342323,-0.4101032341546626,-0.7499723391340206,1,0,0,0,0,0,0,0,0,0,1
524,1,-2.1059502133710137,1.5881850084123466,-0.4859842372342323,0.8589286620921687,2.99472266124169,0,0,0,1,0,0,0,0,0,0,0
525,0,0.6852080657475538,-0.009417211420652386,-0.4859842372342323,-0.4101032341546626,-0.7496624589861397,1,0,0,0,0,0,0,0,0,0,1
526,0,0.6852080657475538,1.238709522823878,-0.4859842372342323,-0.4101032341546626,-0.7112373206489051,1,1,0,0,0,0,0,0,0,0,1
527,1,-0.71037107381173,2.187285840849721,-0.4859842372342323,-0.4101032341546626,-0.5083396047744906,0,0,1,0,0,0,0,0,0,0,1
529,0,0.6852080657475538,1.0889343147145345,-0.4859842372342323,-0.4101032341546626,-0.6983256478205332,1,0,1,0,0,0,0,0,0,0,1
530,0,-0.71037107381173,-0.5086679051184646,1.8577925858151423,0.8589286620921687,-0.43455861718379446,1,0,1,0,0,0,0,0,0,0,1
532,0,0.6852080657475538,-0.009417211420652386,-0.4859842372342323,-0.4101032341546626,-0.7496624589861397,1,0,0,0,0,0,0,0,0,0,1
533,0,0.6852080657475538,-1.1077687375558392,0.6859041742904549,0.8589286620921687,-0.7496624589861397,1,0,0,0,0,0,0,0,0,0,1
534,1,0.6852080657475538,-0.009417211420652386,-0.4859842372342323,2.1279605583389998,0.36657748037226157,0,0,0,0,0,0,0,0,0,0,1
535,0,0.6852080657475538,0.19028306605847248,-0.4859842372342323,-0.4101032341546626,-0.6439121694723948,0,0,1,0,0,0,0,0,0,0,1
536,1,-0.71037107381173,-2.1062701249514637,-0.4859842372342323,2.1279605583389998,0.6537109497789738,0,0,1,0,0,0,0,0,0,0,1
537,0,-2.1059502133710137,1.688035147151909,-0.4859842372342323,-0.4101032341546626,0.6758452460561827,1,0,1,1,0,0,0,0,0,0,0
539,0,0.6852080657475538,-0.009417211420652386,-0.4859842372342323,-0.4101032341546626,-0.213215654411706,1,0,1,0,0,0,0,0,0,0,1
540,1,-2.1059502133710137,-0.608518043858027,-0.4859842372342323,2.1279605583389998,2.3691189112626594,0,0,0,1,0,0,0,0,0,0,0
542,0,0.6852080657475538,-1.9065698474723387,4.2015694088645175,2.1279605583389998,1.0244604124222219,0,0,1,0,0,0,0,0,0,0,1
543,0,0.6852080657475538,-1.7068695699932137,4.2015694088645175,2.1279605583389998,1.0244604124222219,0,0,1,0,0,0,0,0,0,0,1
544,1,-0.71037107381173,0.38998334353759734,0.6859041742904549,-0.4101032341546626,0.6352657028812998,1,0,1,0,0,0,0,0,0,0,1
547,1,-0.71037107381173,-0.9080684600767143,0.6859041742904549,-0.4101032341546626,0.6352657028812998,0,0,1,0,0,0,0,0,0,0,1
548,1,-0.71037107381173,-0.009417211420652386,-0.4859842372342323,-0.4101032341546626,-0.26025103400077476,1,0,0,0,0,0,0,0,0,0,1
549,0,0.6852080657475538,0.4898334822771598,0.6859041742904549,0.8589286620921687,0.2313147958222382,1,0,1,0,0,0,0,0,0,0,1
550,1,-0.71037107381173,-2.006419986211901,0.6859041742904549,0.8589286620921687,1.4284113194812835,1,0,1,0,0,0,0,0,0,0,1
552,0,-0.71037107381173,-0.10926735016021483,-0.4859842372342323,-0.4101032341546626,0.6352657028812998,1,0,1,0,0,0,0,0,0,0,1
553,0,0.6852080657475538,-0.009417211420652386,-0.4859842372342323,-0.4101032341546626,-0.7053938664317219,1,1,0,0,0,0,0,0,0,0,1
554,1,0.6852080657475538,-0.608518043858027,-0.4859842372342323,-0.4101032341546626,-0.7499723391340206,1,0,0,0,0,0,0,0,0,0,1
555,1,0.6852080657475538,-0.608518043858027,-0.4859842372342323,-0.4101032341546626,-0.7093927959591376,0,0,1,0,0,0,0,0,0,0,1
557,1,-2.1059502133710137,1.9875855633705963,0.6859041742904549,-0.4101032341546626,1.6386871341147675,0,0,0,0,0,0,0,0,0,0,0
560,1,0.6852080657475538,0.7893838984958471,0.6859041742904549,-0.4101032341546626,0.0007492096013127282,0,0,1,0,0,0,0,0,0,0,1
561,0,0.6852080657475538,-0.009417211420652386,-0.4859842372342323,-0.4101032341546626,-0.7112373206489051,1,1,0,0,0,0,0,0,0,0,1
562,0,0.6852080657475538,1.1887844534540968,-0.4859842372342323,-0.4101032341546626,-0.7004800526581815,1,0,1,0,0,0,0,0,0,0,1
563,0,-0.71037107381173,-0.009417211420652386,-0.4859842372342323,-0.4101032341546626,-0.28699664200240216,1,0,1,0,0,0,0,0,0,0,1
564,0,0.6852080657475538,-0.009417211420652386,-0.4859842372342323,-0.4101032341546626,-0.6891030243716961,1,0,1,0,0,0,0,0,0,0,1
565,0,0.6852080657475538,-0.009417211420652386,-0.4859842372342323,-0.4101032341546626,-0.6891030243716961,0,0,1,0,0,0,0,0,0,0,1
566,0,0.6852080657475538,-0.40881776637890216,1.8577925858151423,-0.4101032341546626,0.49877087583851176,1,0,1,0,0,0,0,0,0,0,1
567,0,0.6852080657475538,-0.9080684600767143,-0.4859842372342323,-0.4101032341546626,-0.7004800526581815,1,0,1,0,0,0,0,0,0,0,1
568,0,0.6852080657475538,0.09043292731891005,-0.4859842372342323,4.666024350832663,0.2718943389971212,0,0,1,0,0,0,0,0,0,0,1
569,0,0.6852080657475538,-0.009417211420652386,-0.4859842372342323,-0.4101032341546626,-0.7496624589861397,1,0,0,0,0,0,0,0,0,0,1
570,1,0.6852080657475538,0.38998334353759734,-0.4859842372342323,-0.4101032341546626,-0.7035493417419546,1,0,1,0,0,0,0,0,0,0,1
572,1,-2.1059502133710137,2.4868362570684086,1.8577925858151423,-0.4101032341546626,2.515146241902165,0,0,1,0,1,0,0,0,0,0,0
573,1,-2.1059502133710137,0.7893838984958471,-0.4859842372342323,-0.4101032341546626,0.6638558355726945,1,0,1,0,0,0,1,0,0,0,0
574,1,0.6852080657475538,-0.009417211420652386,-0.4859842372342323,-0.4101032341546626,-0.7112373206489051,0,1,0,0,0,0,0,0,0,0,1
575,0,0.6852080657475538,-1.2076188762954017,-0.4859842372342323,-0.4101032341546626,-0.6891030243716961,1,0,1,0,0,0,0,0,0,0,1
576,0,0.6852080657475538,-0.9080684600767143,-0.4859842372342323,-0.4101032341546626,-0.213215654411706,1,0,1,0,0,0,0,0,0,0,1
577,1,-0.71037107381173,0.5896836210167222,-0.4859842372342323,-0.4101032341546626,-0.32388713579775025,0,0,1,0,0,0,0,0,0,0,1
578,1,-2.1059502133710137,1.0889343147145345,0.6859041742904549,-0.4101032341546626,2.8413172318431146,0,0,1,0,0,0,1,0,0,0,0
579,0,0.6852080657475538,-0.009417211420652386,0.6859041742904549,-0.4101032341546626,-0.21629232159423809,0,0,0,0,0,0,0,0,0,0,1
580,1,0.6852080657475538,0.38998334353759734,-0.4859842372342323,-0.4101032341546626,-0.6983256478205332,1,0,1,0,0,0,0,0,0,0,1
581,1,-0.71037107381173,-0.3089676276393397,0.6859041742904549,0.8589286620921687,0.9303896532440844,0,0,1,0,0,0,0,0,0,0,1
583,0,-0.71037107381173,2.586686395807971,-0.4859842372342323,-0.4101032341546626,0.6352657028812998,1,0,1,0,0,0,0,0,0,0,1
584,0,-2.1059502133710137,0.7893838984958471,-0.4859842372342323,-0.4101032341546626,1.677422152599883,1,0,0,0,0,0,0,0,0,0,0
585,0,0.6852080657475538,-0.009417211420652386,-0.4859842372342323,-0.4101032341546626,-0.64022312009286,1,0,0,0,0,0,0,0,0,0,1
587,0,-0.71037107381173,1.8877354246310338,-0.4859842372342323,-0.4101032341546626,-0.17632516061635795,1,0,1,0,0,0,0,0,0,0,1
589,0,0.6852080657475538,-0.608518043858027,-0.4859842372342323,-0.4101032341546626,-0.6891030243716961,1,0,1,0,0,0,0,0,0,0,1
590,0,0.6852080657475538,-0.009417211420652386,-0.4859842372342323,-0.4101032341546626,-0.6891030243716961,1,0,1,0,0,0,0,0,0,0,1
591,0,0.6852080657475538,0.6895337597562847,-0.4859842372342323,-0.4101032341546626,-0.7573504378930902,1,0,1,0,0,0,0,0,0,0,1
593,0,0.6852080657475538,1.8877354246310338,-0.4859842372342323,-0.4101032341546626,-0.7481278144442531,1,0,1,0,0,0,0,0,0,0,1
594,0,0.6852080657475538,-0.009417211420652386,-0.4859842372342323,2.1279605583389998,-0.7112373206489051,0,1,0,0,0,0,0,0,0,0,1
595,0,-0.71037107381173,0.8892340372354095,0.6859041742904549,-0.4101032341546626,0.6352657028812998,1,0,1,0,0,0,0,0,0,0,1
596,0,0.6852080657475538,0.7893838984958471,0.6859041742904549,0.8589286620921687,0.49877087583851176,1,0,1,0,0,0,0,0,0,0,1
597,1,-0.71037107381173,-0.009417211420652386,-0.4859842372342323,-0.4101032341546626,1.151732616016173,0,0,1,0,0,0,0,0,0,0,1
598,0,0.6852080657475538,2.0874357021101586,-0.4859842372342323,-0.4101032341546626,-1.2830399744768002,1,0,1,0,0,0,0,0,0,0,1
599,0,0.6852080657475538,-0.009417211420652386,-0.4859842372342323,-0.4101032341546626,-0.7499723391340206,1,0,0,0,0,0,0,0,0,0,1
600,1,-2.1059502133710137,2.0874357021101586,0.6859041742904549,-0.4101032341546626,2.9172526242714594,1,0,0,0,0,0,0,0,0,0,0
601,1,-0.71037107381173,-0.40881776637890216,1.8577925858151423,0.8589286620921687,0.709046690471996,0,0,1,0,0,0,0,0,0,0,1
602,0,0.6852080657475538,-0.009417211420652386,-0.4859842372342323,-0.4101032341546626,-0.7004800526581815,1,0,1,0,0,0,0,0,0,0,1
603,0,-2.1059502133710137,-0.009417211420652386,-0.4859842372342323,-0.4101032341546626,1.8452738993687166,1,0,1,0,0,0,0,0,0,0,1
604,0,0.6852080657475538,1.5881850084123466,-0.4859842372342323,-0.4101032341546626,-0.6891030243716961,1,0,1,0,0,0,0,0,0,0,1
605,1,-2.1059502133710137,0.6895337597562847,-0.4859842372342323,-0.4101032341546626,0.6758452460561827,1,0,0,0,0,0,0,0,0,0,1
606,0,0.6852080657475538,0.7893838984958471,0.6859041742904549,-0.4101032341546626,-0.135745617441475,1,0,1,0,0,0,0,0,0,0,1
607,0,0.6852080657475538,0.19028306605847248,-0.4859842372342323,-0.4101032341546626,-0.7004800526581815,1,0,1,0,0,0,0,0,0,0,1
608,1,-2.1059502133710137,-0.10926735016021483,-0.4859842372342323,-0.4101032341546626,0.9672801470394324,1,0,1,0,0,0,0,0,0,0,1
609,1,-0.71037107381173,-0.608518043858027,0.6859041742904549,2.1279605583389998,1.7847144647542734,0,0,0,0,0,0,0,0,0,0,1
611,0,0.6852080657475538,1.0889343147145345,0.6859041742904549,5.935056247079493,1.0244604124222219,0,0,1,0,0,0,0,0,0,0,1
612,0,0.6852080657475538,-0.009417211420652386,-0.4859842372342323,-0.4101032341546626,-0.7628840119623923,1,0,1,0,0,0,0,0,0,0,1
613,1,0.6852080657475538,-0.009417211420652386,0.6859041742904549,-0.4101032341546626,-0.13943466682100986,0,1,0,0,0,0,0,0,0,0,1
614,0,0.6852080657475538,-0.009417211420652386,-0.4859842372342323,-0.4101032341546626,-0.7112373206489051,1,1,0,0,0,0,0,0,0,0,1
615,0,0.6852080657475538,0.6895337597562847,-0.4859842372342323,-0.4101032341546626,-0.6891030243716961,1,0,1,0,0,0,0,0,0,0,1
616,1,-0.71037107381173,-0.40881776637890216,0.6859041742904549,2.1279605583389998,3.51272421891845,0,0,1,0,0,0,0,0,0,0,1
617,0,0.6852080657475538,0.5896836210167222,0.6859041742904549,0.8589286620921687,-0.22059375317077562,1,0,1,0,0,0,0,0,0,0,1
618,0,0.6852080657475538,-0.20911748889977727,0.6859041742904549,-0.4101032341546626,-0.09516607426659206,0,0,1,0,0,0,0,0,0,0,1
619,1,-0.71037107381173,-2.4058205411701508,1.8577925858151423,0.8589286620921687,1.5944185415603498,0,0,1,0,0,0,0,1,0,0,0
620,0,-0.71037107381173,-0.20911748889977727,-0.4859842372342323,-0.4101032341546626,-0.5083396047744906,1,0,1,0,0,0,0,0,0,0,1
621,0,0.6852080657475538,-0.10926735016021483,0.6859041742904549,-0.4101032341546626,-0.21659482364335989,1,0,0,0,0,0,0,0,0,0,1
622,1,-2.1059502133710137,1.3884847309332218,0.6859041742904549,-0.4101032341546626,2.5944608035621637,1,0,1,0,0,1,0,0,0,0,0
623,1,0.6852080657475538,-0.8082183213371519,0.6859041742904549,0.8589286620921687,-0.12160180212033861,1,0,0,0,0,0,0,0,0,0,1
624,0,0.6852080657475538,-0.7083681825975895,-0.4859842372342323,-0.4101032341546626,-0.7035493417419546,1,0,1,0,0,0,0,0,0,0,1
625,0,0.6852080657475538,-0.7083681825975895,-0.4859842372342323,-0.4101032341546626,-0.09516607426659206,1,0,1,0,0,0,0,0,0,0,1
629,0,0.6852080657475538,-0.20911748889977727,-0.4859842372342323,-0.4101032341546626,-0.7004800526581815,1,0,1,0,0,0,0,0,0,0,1
630,0,0.6852080657475538,-0.009417211420652386,-0.4859842372342323,-0.4101032341546626,-0.7124694631416697,1,1,0,0,0,0,0,0,0,0,1
632,0,0.6852080657475538,2.2871359795892836,-0.4859842372342323,-0.4101032341546626,-0.7625741318145115,1,0,1,0,0,0,0,0,0,0,1
633,1,-2.1059502133710137,0.38998334353759734,-0.4859842372342323,-0.4101032341546626,0.9672801470394324,1,0,0,1,0,0,0,0,0,0,0
634,0,-2.1059502133710137,-0.009417211420652386,-0.4859842372342323,-0.4101032341546626,-1.2830399744768002,1,0,1,0,0,0,0,0,0,0,1
635,0,0.6852080657475538,-1.9065698474723387,3.0296809973398298,2.1279605583389998,0.7754495793036223,0,0,1,0,0,0,0,0,0,0,1
636,1,-0.71037107381173,-0.009417211420652386,-0.4859842372342323,-0.4101032341546626,-0.32388713579775025,0,0,1,0,0,0,0,0,0,0,1
637,0,0.6852080657475538,0.38998334353759734,-0.4859842372342323,-0.4101032341546626,-0.6983256478205332,1,0,1,0,0,0,0,0,0,0,1
638,0,-0.71037107381173,0.29013320479803495,0.6859041742904549,0.8589286620921687,0.6537109497789738,1,0,1,0,0,0,0,0,0,0,1
639,0,0.6852080657475538,1.2886345921936593,-0.4859842372342323,5.935056247079493,1.6451429705289533,0,0,1,0,0,0,0,0,0,0,1
640,0,0.6852080657475538,-0.009417211420652386,0.6859041742904549,-0.4101032341546626,-0.09516607426659206,1,0,1,0,0,0,0,0,0,0,1
641,0,0.6852080657475538,-0.8082183213371519,-0.4859842372342323,-0.4101032341546626,-0.7035493417419546,1,0,1,0,0,0,0,0,0,0,1
644,1,0.6852080657475538,-0.009417211420652386,-0.4859842372342323,-0.4101032341546626,2.885275944249652,1,0,1,0,0,0,0,0,0,0,1
647,0,0.6852080657475538,-0.9080684600767143,-0.4859842372342323,-0.4101032341546626,-0.7004800526581815,1,0,1,0,0,0,0,0,0,0,1
649,0,0.6852080657475538,-0.009417211420652386,-0.4859842372342323,-0.4101032341546626,-0.7259935181670443,1,0,1,0,0,0,0,0,0,0,1
650,1,0.6852080657475538,-0.5086679051184646,-0.4859842372342323,-0.4101032341546626,-0.7259935181670443,0,0,1,0,0,0,0,0,0,0,1
651,0,0.6852080657475538,-0.009417211420652386,-0.4859842372342323,-0.4101032341546626,-0.7004800526581815,1,0,1,0,0,0,0,0,0,0,1
652,1,-0.71037107381173,-1.0079185988162767,-0.4859842372342323,0.8589286620921687,0.4139227401092113,0,0,1,0,0,0,0,0,0,0,1
653,0,0.6852080657475538,-0.7083681825975895,-0.4859842372342323,-0.4101032341546626,-0.6608227718281825,1,0,1,0,0,0,0,0,0,0,1
654,1,0.6852080657475538,-0.009417211420652386,-0.4859842372342323,-0.4101032341546626,-0.7053938664317219,0,1,0,0,0,0,0,0,0,0,1
655,0,0.6852080657475538,-1.0079185988162767,-0.4859842372342323,-0.4101032341546626,-0.7850183082396012,0,1,0,0,0,0,0,0,0,0,1
657,0,0.6852080657475538,-0.009417211420652386,-0.4859842372342323,-0.4101032341546626,-0.7004800526581815,1,0,1,0,0,0,0,0,0,0,1
658,0,0.6852080657475538,0.38998334353759734,0.6859041742904549,0.8589286620921687,-0.13943466682100986,0,1,0,0,0,0,0,0,0,0,1
659,0,-0.71037107381173,-0.5086679051184646,-0.4859842372342323,-0.4101032341546626,-0.32388713579775025,1,0,1,0,0,0,0,0,0,0,1
662,0,0.6852080657475538,1.1887844534540968,-0.4859842372342323,-0.4101032341546626,-0.7499723391340206,1,0,0,0,0,0,0,0,0,0,1
663,0,-2.1059502133710137,1.8877354246310338,-0.4859842372342323,-0.4101032341546626,0.6048310455001374,1,0,1,0,0,0,1,0,0,0,0
664,0,0.6852080657475538,0.7893838984958471,-0.4859842372342323,-0.4101032341546626,-0.7299924476944601,1,0,1,0,0,0,0,0,0,0,1
665,1,0.6852080657475538,-0.8082183213371519,0.6859041742904549,-0.4101032341546626,-0.6983256478205332,1,0,1,0,0,0,0,0,0,0,1
667,0,-0.71037107381173,-0.3089676276393397,-0.4859842372342323,-0.4101032341546626,-0.32388713579775025,1,0,1,0,0,0,0,0,0,0,1
668,0,0.6852080657475538,-0.009417211420652386,-0.4859842372342323,-0.4101032341546626,-0.7093927959591376,1,0,1,0,0,0,0,0,0,0,1
669,0,0.6852080657475538,1.4883348696727843,-0.4859842372342323,-0.4101032341546626,-0.6891030243716961,1,0,1,0,0,0,0,0,0,0,1
670,1,-2.1059502133710137,-0.009417211420652386,0.6859041742904549,-0.4101032341546626,2.5535713802394,0,0,1,0,1,0,0,0,0,0,0
671,1,-0.71037107381173,1.1887844534540968,0.6859041742904549,0.8589286620921687,1.5944185415603498,0,0,1,0,0,0,0,0,0,0,1
672,0,-2.1059502133710137,0.29013320479803495,0.6859041742904549,-0.4101032341546626,2.5535713802394,1,0,1,1,0,0,0,0,0,0,0
674,1,-0.71037107381173,0.29013320479803495,-0.4859842372342323,-0.4101032341546626,-0.32388713579775025,1,0,1,0,0,0,0,0,0,0,1
675,0,-0.71037107381173,-0.009417211420652386,-0.4859842372342323,-0.4101032341546626,-1.2830399744768002,1,0,1,0,0,0,0,0,0,0,1
676,0,0.6852080657475538,-1.0079185988162767,-0.4859842372342323,-0.4101032341546626,-0.7093927959591376,1,0,1,0,0,0,0,0,0,0,1
677,0,0.6852080657475538,-0.3588926970091209,-0.4859842372342323,-0.4101032341546626,-0.6891030243716961,1,0,1,0,0,0,0,0,0,0,1
678,1,0.6852080657475538,-1.0079185988162767,-0.4859842372342323,-0.4101032341546626,-0.5569096289054459,0,0,1,0,0,0,0,0,0,0,1
679,0,0.6852080657475538,1.4883348696727843,0.6859041742904549,7.204088143326325,2.1772883435268495,0,0,1,0,0,0,0,0,0,0,1
681,0,0.6852080657475538,-0.009417211420652386,-0.4859842372342323,-0.4101032341546626,-0.6826471879575103,0,1,0,0,0,0,0,0,0,0,1
683,0,0.6852080657475538,-0.8082183213371519,-0.4859842372342323,-0.4101032341546626,-0.6024103639526283,1,0,1,0,0,0,0,0,0,0,1
684,0,0.6852080657475538,-1.4073191537745264,5.373457820389204,2.1279605583389998,2.1772883435268495,1,0,1,0,0,0,0,0,0,0,1
686,0,-0.71037107381173,-0.3089676276393397,0.6859041742904549,2.1279605583389998,1.7847144647542734,1,0,0,0,0,0,0,0,0,0,1
687,0,0.6852080657475538,-1.4073191537745264,4.2015694088645175,0.8589286620921687,1.6451429705289533,1,0,1,0,0,0,0,0,0,0,1
688,0,0.6852080657475538,-0.9080684600767143,-0.4859842372342323,-0.4101032341546626,-0.5326283058893478,1,0,1,0,0,0,0,0,0,0,1
689,0,0.6852080657475538,-1.0079185988162767,-0.4859842372342323,-0.4101032341546626,-0.7078581514172512,1,0,1,0,0,0,0,0,0,0,1
691,1,-2.1059502133710137,0.29013320479803495,0.6859041742904549,-0.4101032341546626,2.9224763181928806,1,0,1,1,0,0,0,0,0,0,0
692,1,0.6852080657475538,-2.4058205411701508,-0.4859842372342323,0.8589286620921687,-0.29314259826870714,0,0,0,0,0,0,0,0,0,0,1
693,1,0.6852080657475538,-0.009417211420652386,-0.4859842372342323,-0.4101032341546626,2.885275944249652,1,0,1,0,0,0,0,0,0,0,1
694,0,0.6852080657475538,-0.3089676276393397,-0.4859842372342323,-0.4101032341546626,-0.7499723391340206,1,0,0,0,0,0,0,0,0,0,1
696,0,-0.71037107381173,2.386986118328846,-0.4859842372342323,-0.4101032341546626,-0.28699664200240216,1,0,1,0,0,0,0,0,0,0,1
697,0,0.6852080657475538,1.5881850084123466,-0.4859842372342323,-0.4101032341546626,-0.6891030243716961,1,0,1,0,0,0,0,0,0,0,1
698,1,0.6852080657475538,-0.009417211420652386,-0.4859842372342323,-0.4101032341546626,-0.7124694631416697,0,1,0,0,0,0,0,0,0,0,1
700,0,0.6852080657475538,1.3884847309332218,-0.4859842372342323,-0.4101032341546626,-0.7186154194079747,1,0,1,0,0,0,0,1,0,0,0
702,1,-2.1059502133710137,0.6895337597562847,-0.4859842372342323,-0.4101032341546626,0.656477736813625,1,0,1,0,0,0,1,0,0,0,0
703,0,0.6852080657475538,-1.0079185988162767,-0.4859842372342323,0.8589286620921687,-0.21659482364335989,0,0,0,0,0,0,0,0,0,0,1
704,0,0.6852080657475538,-0.3089676276393397,-0.4859842372342323,-0.4101032341546626,-0.7118497028459079,1,1,0,0,0,0,0,0,0,0,1
705,0,0.6852080657475538,-0.20911748889977727,0.6859041742904549,-0.4101032341546626,-0.7035493417419546,1,0,1,0,0,0,0,0,0,0,1
706,0,-0.71037107381173,1.0889343147145345,-0.4859842372342323,-0.4101032341546626,0.6352657028812998,1,0,1,0,0,0,0,0,0,0,1
707,1,-0.71037107381173,1.688035147151909,-0.4859842372342323,-0.4101032341546626,-0.28699664200240216,0,0,1,0,0,0,0,0,0,0,1
708,1,-2.1059502133710137,1.3884847309332218,-0.4859842372342323,-0.4101032341546626,0.656477736813625,1,0,1,0,0,0,1,0,0,0,0
710,1,0.6852080657475538,-0.009417211420652386,0.6859041742904549,0.8589286620921687,-0.1581897938665649,1,0,0,0,0,0,0,0,0,0,1
711,1,-2.1059502133710137,-0.40881776637890216,-0.4859842372342323,-0.4101032341546626,2.3694287914105403,0,0,0,0,1,0,0,0,0,0,0
712,0,-2.1059502133710137,-0.009417211420652386,-0.4859842372342323,-0.4101032341546626,0.6758452460561827,1,0,1,0,1,0,0,0,0,0,0
713,1,-2.1059502133710137,1.9875855633705963,0.6859041742904549,-0.4101032341546626,2.5535713802394,1,0,1,0,1,0,0,0,0,0,0
714,0,0.6852080657475538,0.09043292731891005,-0.4859842372342323,-0.4101032341546626,-0.5833527348579515,1,0,1,0,0,0,0,0,0,0,1
715,0,-0.71037107381173,2.386986118328846,-0.4859842372342323,-0.4101032341546626,-0.32388713579775025,1,0,1,0,0,0,0,0,0,0,1
716,0,0.6852080657475538,-0.9080684600767143,-0.4859842372342323,-0.4101032341546626,-0.7186154194079747,1,0,1,0,0,0,0,1,0,0,0
718,1,-0.71037107381173,-0.10926735016021483,-0.4859842372342323,-0.4101032341546626,-0.5083396047744906,0,0,1,0,0,0,1,0,0,0,0
719,0,0.6852080657475538,-0.009417211420652386,-0.4859842372342323,-0.4101032341546626,-0.13943466682100986,1,1,0,0,0,0,0,0,0,0,1
720,0,0.6852080657475538,0.4898334822771598,-0.4859842372342323,-0.4101032341546626,-0.7093927959591376,1,0,1,0,0,0,0,0,0,0,1
721,1,-0.71037107381173,-2.206120263691026,-0.4859842372342323,0.8589286620921687,1.151732616016173,0,0,1,0,0,0,0,0,0,0,1
722,0,0.6852080657475538,-1.1077687375558392,0.6859041742904549,-0.4101032341546626,-0.7625741318145115,1,0,1,0,0,0,0,0,0,0,1
723,0,-0.71037107381173,0.5896836210167222,-0.4859842372342323,-0.4101032341546626,-0.32388713579775025,1,0,1,0,0,0,0,0,0,0,1
724,0,-0.71037107381173,2.187285840849721,-0.4859842372342323,-0.4101032341546626,-0.32388713579775025,1,0,1,0,0,0,0,0,0,0,1
725,1,-2.1059502133710137,-0.10926735016021483,0.6859041742904549,-0.4101032341546626,2.6347304665891658,1,0,1,0,0,0,1,0,0,0,0
726,0,0.6852080657475538,-0.8082183213371519,-0.4859842372342323,-0.4101032341546626,-0.6439121694723948,1,0,1,0,0,0,0,0,0,0,1
727,1,-0.71037107381173,0.19028306605847248,3.0296809973398298,-0.4101032341546626,0.266360764927819,0,0,1,0,0,0,0,0,0,0,1
728,1,0.6852080657475538,-0.009417211420652386,-0.4859842372342323,-0.4101032341546626,-0.7121595829937887,0,1,0,0,0,0,0,0,0,0,1
729,0,-0.71037107381173,-0.3089676276393397,0.6859041742904549,-0.4101032341546626,0.6352657028812998,1,0,1,0,0,0,0,0,0,0,1
730,0,0.6852080657475538,-0.3089676276393397,0.6859041742904549,-0.4101032341546626,-0.6983256478205332,0,0,1,0,0,0,0,0,0,0,1
732,0,0.6852080657475538,-1.7068695699932137,-0.4859842372342323,-0.4101032341546626,0.10312032988340385,1,0,0,0,0,0,0,0,0,0,1
733,0,-0.71037107381173,-0.009417211420652386,-0.4859842372342323,-0.4101032341546626,-1.2830399744768002,1,0,1,0,0,0,0,0,0,0,1
734,0,-0.71037107381173,-0.5086679051184646,-0.4859842372342323,-0.4101032341546626,-0.32388713579775025,1,0,1,0,0,0,0,0,0,0,1
735,0,-0.71037107381173,-0.5086679051184646,-0.4859842372342323,-0.4101032341546626,-0.32388713579775025,1,0,1,0,0,0,0,0,0,0,1
736,0,0.6852080657475538,0.04050785794912883,-0.4859842372342323,-0.4101032341546626,-0.09516607426659206,1,0,1,0,0,0,0,0,0,0,1
737,0,0.6852080657475538,1.9875855633705963,0.6859041742904549,3.3969924545858317,1.25318147395338,0,0,1,0,0,0,0,0,0,0,1
739,0,0.6852080657475538,-0.009417211420652386,-0.4859842372342323,-0.4101032341546626,-0.7004800526581815,1,0,1,0,0,0,0,0,0,0,1
740,0,0.6852080657475538,-0.009417211420652386,-0.4859842372342323,-0.4101032341546626,-0.7004800526581815,1,0,1,0,0,0,0,0,0,0,1
741,1,-2.1059502133710137,-0.009417211420652386,-0.4859842372342323,-0.4101032341546626,0.9303896532440844,1,0,1,0,0,1,0,0,0,0,0
744,0,0.6852080657475538,-0.40881776637890216,0.6859041742904549,-0.4101032341546626,-0.09516607426659206,1,0,1,0,0,0,0,0,0,0,1
745,1,0.6852080657475538,0.29013320479803495,-0.4859842372342323,-0.4101032341546626,-0.6983256478205332,1,0,1,0,0,0,0,0,0,0,1
747,0,0.6852080657475538,-1.2076188762954017,0.6859041742904549,0.8589286620921687,0.21102502423479688,1,0,1,0,0,0,0,0,0,0,1
748,1,-0.71037107381173,0.19028306605847248,-0.4859842372342323,-0.4101032341546626,-0.32388713579775025,0,0,1,0,0,0,0,0,0,0,1
749,0,-2.1059502133710137,-0.9080684600767143,0.6859041742904549,-0.4101032341546626,2.6347304665891658,1,0,1,0,0,1,0,0,0,0,0
750,0,0.6852080657475538,0.29013320479803495,-0.4859842372342323,-0.4101032341546626,-0.7112373206489051,1,1,0,0,0,0,0,0,0,0,1
751,1,-0.71037107381173,-2.4058205411701508,0.6859041742904549,0.8589286620921687,0.4139227401092113,0,0,1,0,0,0,0,0,0,0,1
752,1,0.6852080657475538,-2.206120263691026,-0.4859842372342323,0.8589286620921687,-0.36262215428286576,1,0,1,0,0,0,1,0,0,0,0
753,0,0.6852080657475538,0.4898334822771598,-0.4859842372342323,-0.4101032341546626,-0.5821205923651868,1,0,1,0,0,0,0,0,0,0,1
754,0,0.6852080657475538,-0.5086679051184646,-0.4859842372342323,-0.4101032341546626,-0.7004800526581815,1,0,1,0,0,0,0,0,0,0,1
755,1,-0.71037107381173,1.9875855633705963,0.6859041742904549,2.1279605583389998,3.51272421891845,0,0,1,0,0,0,0,0,0,0,1
757,0,0.6852080657475538,-0.009417211420652386,-0.4859842372342323,-0.4101032341546626,-0.7078581514172512,1,0,1,0,0,0,0,0,0,0,1
758,0,-0.71037107381173,-1.0079185988162767,-0.4859842372342323,-0.4101032341546626,-0.43455861718379446,1,0,1,0,0,0,0,0,0,0,1
759,0,0.6852080657475538,0.5896836210167222,-0.4859842372342323,-0.4101032341546626,-0.6891030243716961,1,0,1,0,0,0,0,0,0,0,1
761,0,0.6852080657475538,-0.009417211420652386,-0.4859842372342323,-0.4101032341546626,-0.213215654411706,1,0,1,0,0,0,0,0,0,0,1
762,0,0.6852080657475538,1.2886345921936593,-0.4859842372342323,-0.4101032341546626,-0.7573504378930902,1,0,1,0,0,0,0,0,0,0,1
763,1,0.6852080657475538,-0.8082183213371519,-0.4859842372342323,-0.4101032341546626,-0.7496624589861397,1,0,0,0,0,0,0,0,0,0,1
765,0,0.6852080657475538,-1.2076188762954017,-0.4859842372342323,-0.4101032341546626,-0.7093927959591376,1,0,1,0,0,0,0,0,0,0,1
767,0,-2.1059502133710137,-0.009417211420652386,-0.4859842372342323,-0.4101032341546626,1.6386871341147675,1,0,0,0,0,0,0,0,0,0,1
768,0,0.6852080657475538,0.2402081354282537,-0.4859842372342323,-0.4101032341546626,-0.7112373206489051,0,1,0,0,0,0,0,0,0,0,1
769,0,0.6852080657475538,-0.009417211420652386,0.6859041742904549,-0.4101032341546626,0.49877087583851176,1,1,0,0,0,0,0,0,0,0,1
770,0,0.6852080657475538,0.38998334353759734,-0.4859842372342323,-0.4101032341546626,-0.6660464657496036,1,0,1,0,0,0,0,0,0,0,1
771,0,0.6852080657475538,-0.40881776637890216,-0.4859842372342323,-0.4101032341546626,-0.5821205923651868,1,0,1,0,0,0,0,0,0,0,1
772,0,0.6852080657475538,1.9875855633705963,-0.4859842372342323,-0.4101032341546626,-0.7035493417419546,1,0,1,0,0,0,0,0,0,0,1
774,0,0.6852080657475538,-0.009417211420652386,-0.4859842372342323,-0.4101032341546626,-0.7499723391340206,1,0,0,0,0,0,0,0,0,0,1
775,1,-0.71037107381173,2.586686395807971,0.6859041742904549,3.3969924545858317,0.4139227401092113,0,0,1,0,0,0,0,0,0,0,1
776,0,0.6852080657475538,-1.0079185988162767,-0.4859842372342323,-0.4101032341546626,-0.7112373206489051,1,0,1,0,0,0,0,0,0,0,1
777,0,0.6852080657475538,-0.009417211420652386,-0.4859842372342323,-0.4101032341546626,-0.7112373206489051,1,1,0,0,0,0,0,1,0,0,0
778,1,0.6852080657475538,-2.3059704024305883,-0.4859842372342323,-0.4101032341546626,-0.36262215428286576,0,0,1,0,0,0,0,0,0,0,1
779,0,0.6852080657475538,-0.009417211420652386,-0.4859842372342323,-0.4101032341546626,-0.7121595829937887,1,1,0,0,0,0,0,0,0,0,1
781,1,0.6852080657475538,-1.507169292514089,-0.4859842372342323,-0.4101032341546626,-0.7496624589861397,0,0,0,0,0,0,0,0,0,0,1
782,1,-2.1059502133710137,-1.1077687375558392,0.6859041742904549,-0.4101032341546626,2.9224763181928806,0,0,1,1,0,0,0,0,0,0,0
783,0,-2.1059502133710137,0.09043292731891005,-0.4859842372342323,-0.4101032341546626,0.9303896532440844,1,0,1,0,0,1,0,0,0,0,0
784,0,0.6852080657475538,-0.009417211420652386,0.6859041742904549,2.1279605583389998,0.4471241845250245,1,0,1,0,0,0,0,0,0,0,1
785,0,0.6852080657475538,-0.3089676276393397,-0.4859842372342323,-0.4101032341546626,-0.7628840119623923,1,0,1,0,0,0,0,0,0,0,1
786,0,0.6852080657475538,-0.3089676276393397,-0.4859842372342323,-0.4101032341546626,-0.7481278144442531,1,0,1,0,0,0,0,0,0,0,1
787,1,0.6852080657475538,-1.0079185988162767,-0.4859842372342323,-0.4101032341546626,-0.7299924476944601,0,0,1,0,0,0,0,0,0,0,1
788,0,0.6852080657475538,-2.006419986211901,4.2015694088645175,0.8589286620921687,0.8658312891022253,1,1,0,0,0,0,0,0,0,0,1
791,0,0.6852080657475538,-0.009417211420652386,-0.4859842372342323,-0.4101032341546626,-0.7112373206489051,1,1,0,0,0,0,0,0,0,0,1
792,0,-0.71037107381173,-1.2076188762954017,-0.4859842372342323,-0.4101032341546626,0.6352657028812998,1,0,1,0,0,0,0,0,0,0,1
794,0,-2.1059502133710137,-0.009417211420652386,-0.4859842372342323,-0.4101032341546626,0.9817264644096907,1,0,0,0,0,0,0,0,0,0,1
795,0,0.6852080657475538,-0.3089676276393397,-0.4859842372342323,-0.4101032341546626,-0.7004800526581815,1,0,1,0,0,0,0,0,0,0,1
796,0,-0.71037107381173,1.0889343147145345,-0.4859842372342323,-0.4101032341546626,-0.32388713579775025,1,0,1,0,0,0,0,0,0,0,1
797,1,-2.1059502133710137,2.0874357021101586,-0.4859842372342323,-0.4101032341546626,0.6300420089598786,0,0,1,0,0,1,0,0,0,0,0
798,1,0.6852080657475538,0.29013320479803495,-0.4859842372342323,-0.4101032341546626,-0.6423775249305084,0,0,1,0,0,0,0,0,0,0,1
799,0,0.6852080657475538,0.19028306605847248,-0.4859842372342323,-0.4101032341546626,-0.7496624589861397,1,0,0,0,0,0,0,0,0,0,1
800,0,0.6852080657475538,0.19028306605847248,0.6859041742904549,0.8589286620921687,0.49877087583851176,0,0,1,0,0,0,0,0,0,0,1
801,0,-0.71037107381173,0.5896836210167222,-0.4859842372342323,-0.4101032341546626,-0.32388713579775025,1,0,1,0,0,0,0,0,0,0,1
802,1,-0.71037107381173,0.29013320479803495,0.6859041742904549,0.8589286620921687,0.6537109497789738,0,0,1,0,0,0,0,0,0,0,1
805,1,0.6852080657475538,-0.10926735016021483,-0.4859842372342323,-0.4101032341546626,-0.7684175860316946,1,0,1,0,0,0,0,0,0,0,1
806,0,0.6852080657475538,0.29013320479803495,-0.4859842372342323,-0.4101032341546626,-0.7093927959591376,1,0,1,0,0,0,0,0,0,0,1
807,0,-2.1059502133710137,1.0889343147145345,-0.4859842372342323,-0.4101032341546626,-1.2830399744768002,1,0,1,0,0,0,0,0,0,0,0
808,0,0.6852080657475538,-1.0079185988162767,-0.4859842372342323,-0.4101032341546626,-0.7093927959591376,0,0,1,0,0,0,0,0,0,0,1
809,0,-0.71037107381173,1.0889343147145345,-0.4859842372342323,-0.4101032341546626,-0.32388713579775025,1,0,1,0,0,0,0,0,0,0,1
810,1,-2.1059502133710137,0.4898334822771598,0.6859041742904549,-0.4101032341546626,2.6347304665891658,0,0,1,0,0,0,1,0,0,0,0
811,0,0.6852080657475538,-0.20911748889977727,-0.4859842372342323,-0.4101032341546626,-0.7010924348551844,1,0,1,0,0,0,0,0,0,0,1
812,0,0.6852080657475538,1.0889343147145345,-0.4859842372342323,-0.4101032341546626,0.49877087583851176,1,0,1,0,0,0,0,0,0,0,1
813,0,-0.71037107381173,0.6895337597562847,-0.4859842372342323,-0.4101032341546626,-0.5083396047744906,1,0,1,0,0,0,0,0,0,0,1
814,0,0.6852080657475538,-2.206120263691026,4.2015694088645175,2.1279605583389998,1.0244604124222219,0,0,1,0,0,0,0,0,0,0,1
815,0,0.6852080657475538,0.2402081354282537,-0.4859842372342323,-0.4101032341546626,-0.6891030243716961,1,0,1,0,0,0,0,0,0,0,1
816,0,-2.1059502133710137,-0.009417211420652386,-0.4859842372342323,-0.4101032341546626,-1.2830399744768002,1,0,1,1,0,0,0,0,0,0,0
817,0,0.6852080657475538,-0.5086679051184646,-0.4859842372342323,-0.4101032341546626,-0.6983256478205332,0,0,1,0,0,0,0,0,0,0,1
818,0,-0.71037107381173,0.29013320479803495,0.6859041742904549,0.8589286620921687,1.4471664465268381,1,0,0,0,0,0,0,0,0,0,1
819,0,0.6852080657475538,1.4883348696727843,-0.4859842372342323,-0.4101032341546626,-0.8071526045168101,1,0,1,0,0,0,0,0,0,0,1
820,0,0.6852080657475538,-1.8067197087327762,3.0296809973398298,2.1279605583389998,0.7754495793036223,1,0,1,0,0,0,0,0,0,0,1
822,1,0.6852080657475538,-0.10926735016021483,-0.4859842372342323,-0.4101032341546626,-0.6439121694723948,1,0,1,0,0,0,0,0,0,0,1
823,0,-2.1059502133710137,0.989084175974972,-0.4859842372342323,-0.4101032341546626,-1.2830399744768002,1,0,1,0,0,0,0,0,0,0,1
824,1,0.6852080657475538,-0.10926735016021483,-0.4859842372342323,0.8589286620921687,-0.36262215428286576,0,0,1,0,0,0,1,0,0,0,0
826,0,0.6852080657475538,-0.009417211420652386,-0.4859842372342323,-0.4101032341546626,-0.770262110721462,1,1,0,0,0,0,0,0,0,0,1
827,0,0.6852080657475538,-0.009417211420652386,-0.4859842372342323,-0.4101032341546626,2.885275944249652,1,0,1,0,0,0,0,0,0,0,1
829,1,0.6852080657475538,-0.009417211420652386,-0.4859842372342323,-0.4101032341546626,-0.7112373206489051,1,1,0,0,0,0,0,0,0,0,1
831,1,0.6852080657475538,-1.3074690150349642,0.6859041742904549,-0.4101032341546626,-0.21659482364335989,0,0,0,0,0,0,0,0,0,0,1
833,0,0.6852080657475538,-0.009417211420652386,-0.4859842372342323,-0.4101032341546626,-0.7496624589861397,1,0,0,0,0,0,0,0,0,0,1
834,0,0.6852080657475538,-0.5086679051184646,-0.4859842372342323,-0.4101032341546626,-0.7035493417419546,1,0,1,0,0,0,0,0,0,0,1
835,0,0.6852080657475538,-1.0079185988162767,-0.4859842372342323,-0.4101032341546626,-0.6706577774740221,1,0,1,0,0,0,0,0,0,0,1
837,0,0.6852080657475538,-0.7083681825975895,-0.4859842372342323,-0.4101032341546626,-0.6439121694723948,1,0,1,0,0,0,0,0,0,0,1
838,0,0.6852080657475538,-0.009417211420652386,-0.4859842372342323,-0.4101032341546626,-0.6891030243716961,1,0,1,0,0,0,0,0,0,0,1
839,1,0.6852080657475538,0.38998334353759734,-0.4859842372342323,-0.4101032341546626,2.885275944249652,1,0,1,0,0,0,0,0,0,0,1
840,1,-2.1059502133710137,-0.009417211420652386,-0.4859842372342323,-0.4101032341546626,0.9082553569668755,1,0,0,0,1,0,0,0,0,0,0
841,0,0.6852080657475538,-0.8082183213371519,-0.4859842372342323,-0.4101032341546626,-0.6983256478205332,1,0,1,0,0,0,0,0,0,0,1
842,0,-0.71037107381173,-1.2076188762954017,-0.4859842372342323,-0.4101032341546626,-0.5083396047744906,1,0,1,0,0,0,0,0,0,0,1
843,1,-2.1059502133710137,0.19028306605847248,-0.4859842372342323,-0.4101032341546626,1.0041706408347806,0,0,0,0,0,0,0,0,0,0,1
844,0,0.6852080657475538,0.6396086903865035,-0.4859842372342323,-0.4101032341546626,-0.8080748668616937,1,0,0,0,0,0,0,0,0,0,1
845,0,0.6852080657475538,-1.1077687375558392,-0.4859842372342323,-0.4101032341546626,-0.6439121694723948,1,0,1,0,0,0,0,0,0,0,1
846,0,0.6852080657475538,1.3884847309332218,-0.4859842372342323,-0.4101032341546626,-0.7259935181670443,1,0,1,0,0,0,0,0,0,0,1
848,0,0.6852080657475538,0.6895337597562847,-0.4859842372342323,-0.4101032341546626,-0.7004800526581815,1,0,0,0,0,0,0,0,0,0,1
849,0,-0.71037107381173,-0.009417211420652386,-0.4859842372342323,0.8589286620921687,1.151732616016173,1,0,1,0,0,0,0,0,0,0,1
851,0,0.6852080657475538,-2.4058205411701508,4.2015694088645175,2.1279605583389998,1.0244604124222219,1,0,1,0,0,0,0,0,0,0,1
853,0,0.6852080657475538,-1.9065698474723387,0.6859041742904549,0.8589286620921687,-0.1581897938665649,0,0,0,0,0,0,0,0,0,0,1
854,1,-2.1059502133710137,-1.2076188762954017,-0.4859842372342323,0.8589286620921687,1.6239309365966281,0,0,1,0,0,1,0,0,0,0,0
855,0,-0.71037107381173,1.5881850084123466,0.6859041742904549,-0.4101032341546626,0.6352657028812998,0,0,1,0,0,0,0,0,0,0,1
856,1,0.6852080657475538,-1.0079185988162767,-0.4859842372342323,0.8589286620921687,-0.5931877405037912,0,0,1,0,0,0,0,0,0,0,1
858,1,-2.1059502133710137,2.2871359795892836,-0.4859842372342323,-0.4101032341546626,0.6758452460561827,1,0,1,0,0,0,1,0,0,0,0
859,1,0.6852080657475538,-0.40881776637890216,-0.4859842372342323,3.3969924545858317,0.1378564188411034,0,0,0,0,0,0,0,0,0,0,1
860,0,0.6852080657475538,-0.009417211420652386,-0.4859842372342323,-0.4101032341546626,-0.7496624589861397,1,0,0,0,0,0,0,0,0,0,1
861,0,0.6852080657475538,1.2886345921936593,1.8577925858151423,-0.4101032341546626,-0.24211566725098171,1,0,1,0,0,0,0,0,0,0,1
862,0,-0.71037107381173,-0.7083681825975895,0.6859041742904549,-0.4101032341546626,-0.43455861718379446,1,0,1,0,0,0,0,0,0,0,1
863,1,-2.1059502133710137,1.9875855633705963,-0.4859842372342323,-0.4101032341546626,0.6300420089598786,0,0,1,0,0,1,0,0,0,0,0
865,0,-0.71037107381173,-0.40881776637890216,-0.4859842372342323,-0.4101032341546626,-0.32388713579775025,1,0,1,0,0,0,0,0,0,0,1
866,1,-0.71037107381173,1.3884847309332218,-0.4859842372342323,-0.4101032341546626,-0.32388713579775025,0,0,1,0,0,0,0,0,0,0,1
867,1,-0.71037107381173,-0.10926735016021483,0.6859041742904549,-0.4101032341546626,-0.26056091414865573,0,0,0,0,0,0,0,0,0,0,1
868,0,-2.1059502133710137,0.29013320479803495,-0.4859842372342323,-0.4101032341546626,2.442590018705475,1,0,1,0,0,0,0,0,0,0,0
869,0,0.6852080657475538,-0.009417211420652386,-0.4859842372342323,-0.4101032341546626,-0.5821205923651868,1,0,1,0,0,0,0,0,0,0,1
870,1,0.6852080657475538,-2.4058205411701508,0.6859041742904549,0.8589286620921687,-0.46161410533330277,1,0,1,0,0,0,0,0,0,0,1
871,0,0.6852080657475538,-0.20911748889977727,-0.4859842372342323,-0.4101032341546626,-0.7004800526581815,1,0,1,0,0,0,0,0,0,0,1
872,1,-2.1059502133710137,1.8877354246310338,0.6859041742904549,0.8589286620921687,2.5944608035621637,0,0,1,0,0,1,0,0,0,0,0
873,0,-2.1059502133710137,0.4898334822771598,-0.4859842372342323,-0.4101032341546626,-0.9141350365233195,1,0,1,1,0,0,0,0,0,0,0
874,0,0.6852080657475538,1.8877354246310338,-0.4859842372342323,-0.4101032341546626,-0.6190110861605349,1,0,1,0,0,0,0,0,0,0,1
875,1,-0.71037107381173,-0.009417211420652386,0.6859041742904549,-0.4101032341546626,0.48770372769990744,0,0,0,0,0,0,0,0,0,0,1
876,1,0.6852080657475538,-1.3074690150349642,-0.4859842372342323,-0.4101032341546626,-0.7499723391340206,0,0,0,0,0,0,0,0,0,0,1
877,0,0.6852080657475538,-0.8082183213371519,-0.4859842372342323,-0.4101032341546626,-0.5566071268563241,1,0,1,0,0,0,0,0,0,0,1
878,0,0.6852080657475538,-0.9080684600767143,-0.4859842372342323,-0.4101032341546626,-0.7004800526581815,1,0,1,0,0,0,0,0,0,0,1
879,0,0.6852080657475538,-0.009417211420652386,-0.4859842372342323,-0.4101032341546626,-0.7004800526581815,1,0,1,0,0,0,0,0,0,0,1
881,1,-0.71037107381173,-0.3089676276393397,-0.4859842372342323,0.8589286620921687,0.6352657028812998,0,0,1,0,0,0,0,0,0,0,1
882,0,0.6852080657475538,0.4898334822771598,-0.4859842372342323,-0.4101032341546626,-0.7004800526581815,1,0,1,0,0,0,0,0,0,0,1
883,0,0.6852080657475538,-0.608518043858027,-0.4859842372342323,-0.4101032341546626,-0.507107462281726,0,0,1,0,0,0,0,0,0,0,1
884,0,-0.71037107381173,-0.009417211420652386,-0.4859842372342323,-0.4101032341546626,-0.5083396047744906,1,0,1,0,0,0,0,0,0,0,1
885,0,0.6852080657475538,-0.3089676276393397,-0.4859842372342323,-0.4101032341546626,-0.7628840119623923,1,0,1,0,0,0,0,0,0,0,1
886,0,0.6852080657475538,1.0889343147145345,-0.4859842372342323,5.935056247079493,0.8658312891022253,0,1,0,0,0,0,0,0,0,0,1
887,0,-0.71037107381173,-0.10926735016021483,-0.4859842372342323,-0.4101032341546626,-0.32388713579775025,1,0,1,0,0,0,0,0,0,0,1
888,1,-2.1059502133710137,-0.9080684600767143,-0.4859842372342323,-0.4101032341546626,0.9303896532440844,0,0,1,1,0,0,0,0,0,0,0
889,0,0.6852080657475538,-0.009417211420652386,0.6859041742904549,2.1279605583389998,0.4471241845250245,0,0,1,0,0,0,0,0,0,0,1
890,1,-2.1059502133710137,-0.20911748889977727,-0.4859842372342323,-0.4101032341546626,0.9303896532440844,1,0,0,0,1,0,0,0,0,0,0
891,0,0.6852080657475538,0.38998334353759734,-0.4859842372342323,-0.4101032341546626,-0.7112373206489051,1,1,0,0,0,0,0,0,0,0,1
